Sample_ID,Chromosome,Start,End,SegmentMean
OEAC_001_EU_EX_0298,1,785752,6497107,-0.032949
OEAC_001_EU_EX_0298,1,6519081,55093168,-0.207152
OEAC_001_EU_EX_0298,1,55093672,108904521,0.077607
OEAC_001_EU_EX_0298,1,108913997,161238835,-0.07977
OEAC_001_EU_EX_0298,1,161258569,185276996,0.209412
OEAC_001_EU_EX_0298,1,185290376,200873537,0.385629
OEAC_001_EU_EX_0298,1,200873538,207067901,-0.032205
OEAC_001_EU_EX_0298,1,207067902,248918674,0.184357
OEAC_001_EU_EX_0298,2,41210,135833542,0.106252
OEAC_001_EU_EX_0298,2,135836289,215064444,0.257501
OEAC_001_EU_EX_0298,2,215075192,242095317,-0.023539
OEAC_001_EU_EX_0298,3,197418,17168180,-0.157326
OEAC_001_EU_EX_0298,3,17184767,35722134,0.079521
OEAC_001_EU_EX_0298,3,35729068,58717905,-0.194174
OEAC_001_EU_EX_0298,3,58734189,122961630,0.080045
OEAC_001_EU_EX_0298,3,122975694,129589825,-0.154129
OEAC_001_EU_EX_0298,3,129605111,183754669,0.137339
OEAC_001_EU_EX_0298,3,183756237,184684867,-0.262591
OEAC_001_EU_EX_0298,3,184710575,198038957,0.014942
OEAC_001_EU_EX_0298,4,53095,10104352,-0.056255
OEAC_001_EU_EX_0298,4,10115847,190026578,0.190504
OEAC_001_EU_EX_0298,5,140020,17275365,-0.0716
OEAC_001_EU_EX_0298,5,17275366,131960949,0.104835
OEAC_001_EU_EX_0298,5,131962293,181261096,-0.091432
OEAC_001_EU_EX_0298,6,203139,29589213,-0.0446
OEAC_001_EU_EX_0298,6,29602729,44376742,-0.268968
OEAC_001_EU_EX_0298,6,44376743,148272671,0.07653
OEAC_001_EU_EX_0298,6,148342914,170583996,-0.151655
OEAC_001_EU_EX_0298,7,192971,6825001,0.060423
OEAC_001_EU_EX_0298,7,7066653,32958048,0.363012
OEAC_001_EU_EX_0298,7,32963268,76501576,-0.07808
OEAC_001_EU_EX_0298,7,76502054,88760439,0.191863
OEAC_001_EU_EX_0298,7,88793919,95594076,0.973179
OEAC_001_EU_EX_0298,7,95594758,108884821,0.503054
OEAC_001_EU_EX_0298,7,109959292,127386460,-0.062371
OEAC_001_EU_EX_0298,7,127391117,159233511,-0.29792
OEAC_001_EU_EX_0298,8,232862,22318548,-0.082725
OEAC_001_EU_EX_0298,8,22352723,24300335,-0.509052
OEAC_001_EU_EX_0298,8,24308354,47971736,-0.104942
OEAC_001_EU_EX_0298,8,47972576,132846190,0.0433
OEAC_001_EU_EX_0298,8,132866711,145054407,-0.07955
OEAC_001_EU_EX_0298,9,154481,33795169,-0.214072
OEAC_001_EU_EX_0298,9,33795236,35835256,-0.597287
OEAC_001_EU_EX_0298,9,35835257,113479825,-0.24438
OEAC_001_EU_EX_0298,9,113482633,138177557,-0.369372
OEAC_001_EU_EX_0298,10,48933,15548872,-0.154443
OEAC_001_EU_EX_0298,10,15557808,68121549,0.023843
OEAC_001_EU_EX_0298,10,68121550,87059614,-0.219445
OEAC_001_EU_EX_0298,10,87059829,92008491,0.1086
OEAC_001_EU_EX_0298,10,92008578,133659862,-0.127362
OEAC_001_EU_EX_0298,11,193507,60431272,0.074544
OEAC_001_EU_EX_0298,11,60432104,78854501,-0.065408
OEAC_001_EU_EX_0298,11,78855778,117182292,0.229796
OEAC_001_EU_EX_0298,11,117182293,134987037,-0.037843
OEAC_001_EU_EX_0298,12,66645,7304764,-0.103052
OEAC_001_EU_EX_0298,12,7306334,47698000,0.23595
OEAC_001_EU_EX_0298,12,47701191,57829914,-0.196186
OEAC_001_EU_EX_0298,12,57846074,93469728,0.235647
OEAC_001_EU_EX_0298,12,93470190,108206706,0.086953
OEAC_001_EU_EX_0298,12,108209826,133234686,-0.11764
OEAC_001_EU_EX_0298,13,18266986,110174292,0.277329
OEAC_001_EU_EX_0298,13,110174293,114326577,-0.018558
OEAC_001_EU_EX_0298,14,19733131,24429764,-0.212138
OEAC_001_EU_EX_0298,14,24430519,64095461,-0.000472
OEAC_001_EU_EX_0298,14,64097648,106875198,-0.107986
OEAC_001_EU_EX_0298,15,19964484,48121397,-0.095219
OEAC_001_EU_EX_0298,15,48121557,62164386,0.09964
OEAC_001_EU_EX_0298,15,62242337,101849792,-0.102129
OEAC_001_EU_EX_0298,16,31454,3147581,0.060891
OEAC_001_EU_EX_0298,16,3147582,90095084,-0.204797
OEAC_001_EU_EX_0298,17,137293,83136106,-0.08117
OEAC_001_EU_EX_0298,18,116595,15006444,-0.25652
OEAC_001_EU_EX_0298,18,20951032,31909276,0.088361
OEAC_001_EU_EX_0298,18,31909324,80247644,-0.229842
OEAC_001_EU_EX_0298,19,281162,19496465,-0.319725
OEAC_001_EU_EX_0298,19,19498170,58572884,-0.147011
OEAC_001_EU_EX_0298,20,87369,40981074,0.30759
OEAC_001_EU_EX_0298,20,41005673,64273515,-0.061797
OEAC_001_EU_EX_0298,21,5033165,46664692,-0.027794
OEAC_001_EU_EX_0298,22,10752512,50781015,-0.228915
OEAC_001_EU_EX_0298,X,283933,156005768,0.076462
OEAC_001_EU_EX_0298,Y,2786786,26348817,-0.755594
OEAC_001_NN_EX_0291,1,785752,248918674,4.1e-05
OEAC_001_NN_EX_0291,2,41210,242095317,-0.000528
OEAC_001_NN_EX_0291,3,197418,198038957,-0.000181
OEAC_001_NN_EX_0291,4,53095,190026578,-0.00104
OEAC_001_NN_EX_0291,5,140020,181261096,-0.000508
OEAC_001_NN_EX_0291,6,203139,170583996,-0.00052
OEAC_001_NN_EX_0291,7,192971,6797012,0.002573
OEAC_001_NN_EX_0291,7,6811654,159233511,-0.0003
OEAC_001_NN_EX_0291,8,232862,145054407,-0.000483
OEAC_001_NN_EX_0291,9,154481,138177557,0.000497
OEAC_001_NN_EX_0291,10,48933,133659862,-0.000288
OEAC_001_NN_EX_0291,11,193507,134987037,0.00056
OEAC_001_NN_EX_0291,12,66645,133234686,-0.000359
OEAC_001_NN_EX_0291,13,18266986,114326577,-0.000671
OEAC_001_NN_EX_0291,14,19733131,106875198,-0.000519
OEAC_001_NN_EX_0291,15,19964484,101849792,-0.00032
OEAC_001_NN_EX_0291,16,31454,90095084,0.001355
OEAC_001_NN_EX_0291,17,137293,83136106,0.000858
OEAC_001_NN_EX_0291,18,116595,80247644,-0.000841
OEAC_001_NN_EX_0291,19,281162,58572884,0.001015
OEAC_001_NN_EX_0291,20,87369,64273515,0.000797
OEAC_001_NN_EX_0291,21,5033165,46664692,0.000191
OEAC_001_NN_EX_0291,22,10752512,50781015,0.001459
OEAC_001_NN_EX_0291,X,283933,156005768,-0.000235
OEAC_001_NN_EX_0291,Y,2786786,26348817,-0.001604
OEAC_001_OU_EX_006E,1,785752,248918674,0.110051
OEAC_001_OU_EX_006E,2,41210,25628650,0.083424
OEAC_001_OU_EX_006E,2,25638729,43996272,-0.447816
OEAC_001_OU_EX_006E,2,44200929,62223724,0.538459
OEAC_001_OU_EX_006E,2,62500968,64932694,-0.477069
OEAC_001_OU_EX_006E,2,64973192,96326025,0.096442
OEAC_001_OU_EX_006E,2,96326026,242095317,-0.474726
OEAC_001_OU_EX_006E,3,197418,85886571,-0.462314
OEAC_001_OU_EX_006E,3,85912110,198038957,0.115905
OEAC_001_OU_EX_006E,4,53095,20850646,0.504469
OEAC_001_OU_EX_006E,4,20882306,38799074,0.08473
OEAC_001_OU_EX_006E,4,38826821,47032222,-0.478293
OEAC_001_OU_EX_006E,4,47032223,190026578,0.082406
OEAC_001_OU_EX_006E,5,140020,88919543,0.092348
OEAC_001_OU_EX_006E,5,89120189,129526734,-0.506693
OEAC_001_OU_EX_006E,5,129527477,172422749,0.097123
OEAC_001_OU_EX_006E,5,172453922,180353019,-0.524555
OEAC_001_OU_EX_006E,5,180528999,181261096,0.110893
OEAC_001_OU_EX_006E,6,203139,32263127,0.081031
OEAC_001_OU_EX_006E,6,32288288,170583996,-0.486137
OEAC_001_OU_EX_006E,7,192971,29072121,0.52579
OEAC_001_OU_EX_006E,7,29072122,34648391,1.103791
OEAC_001_OU_EX_006E,7,34658193,72629279,0.076066
OEAC_001_OU_EX_006E,7,72694455,88284463,-0.493011
OEAC_001_OU_EX_006E,7,88759723,101031847,1.318547
OEAC_001_OU_EX_006E,7,101031848,103490766,1.028064
OEAC_001_OU_EX_006E,7,103490767,110664025,0.640785
OEAC_001_OU_EX_006E,7,110886323,159233511,-1.481115
OEAC_001_OU_EX_006E,8,232862,22416538,0.04986
OEAC_001_OU_EX_006E,8,22417371,24294504,-0.509365
OEAC_001_OU_EX_006E,8,24299613,40697631,0.078896
OEAC_001_OU_EX_006E,8,40767301,46842645,0.486689
OEAC_001_OU_EX_006E,8,46843073,145054407,0.079558
OEAC_001_OU_EX_006E,9,154481,138177557,-0.492144
OEAC_001_OU_EX_006E,10,48933,124835184,-0.486853
OEAC_001_OU_EX_006E,10,124940122,133659862,-1.490947
OEAC_001_OU_EX_006E,11,193507,4164695,0.500992
OEAC_001_OU_EX_006E,11,4367114,12478427,-0.508389
OEAC_001_OU_EX_006E,11,12496188,65334277,0.49888
OEAC_001_OU_EX_006E,11,65340153,65636009,1.128545
OEAC_001_OU_EX_006E,11,65636010,134987037,0.494968
OEAC_001_OU_EX_006E,12,66645,19130388,0.059535
OEAC_001_OU_EX_006E,12,19132067,133234686,0.509539
OEAC_001_OU_EX_006E,13,18266986,31162381,0.078262
OEAC_001_OU_EX_006E,13,31214733,114326577,0.480191
OEAC_001_OU_EX_006E,14,19733131,66507992,0.115173
OEAC_001_OU_EX_006E,14,66508227,106875198,0.520731
OEAC_001_OU_EX_006E,15,19964484,101849792,-0.470913
OEAC_001_OU_EX_006E,16,31454,90095084,0.099953
OEAC_001_OU_EX_006E,17,137293,22567781,0.494839
OEAC_001_OU_EX_006E,17,27293562,39531263,-0.486156
OEAC_001_OU_EX_006E,17,39543862,40480111,0.838529
OEAC_001_OU_EX_006E,17,40480453,83136106,0.107974
OEAC_001_OU_EX_006E,18,116595,15004889,-0.523233
OEAC_001_OU_EX_006E,18,15005295,27048895,0.142463
OEAC_001_OU_EX_006E,18,27142437,80247644,-0.520466
OEAC_001_OU_EX_006E,19,281162,14864998,-0.47671
OEAC_001_OU_EX_006E,19,14880141,16762379,0.038323
OEAC_001_OU_EX_006E,19,16763490,24162569,-0.551635
OEAC_001_OU_EX_006E,19,29075906,58572884,0.465365
OEAC_001_OU_EX_006E,20,87369,39038818,0.835391
OEAC_001_OU_EX_006E,20,40687690,42886280,-1.481873
OEAC_001_OU_EX_006E,20,43457855,58161080,0.138139
OEAC_001_OU_EX_006E,20,58218236,61773384,-1.493303
OEAC_001_OU_EX_006E,20,61844343,64273515,-0.462901
OEAC_001_OU_EX_006E,21,5033165,26573110,-0.446068
OEAC_001_OU_EX_006E,21,26837370,46664692,0.092659
OEAC_001_OU_EX_006E,22,10752512,50781015,-0.460862
OEAC_001_OU_EX_006E,X,283933,2752537,-0.451471
OEAC_001_OU_EX_006E,X,2770273,156005768,0.494289
OEAC_001_OU_EX_006E,Y,2786786,26348817,-29.61783
OEAC_002_EU_EX_0326,1,785752,25329379,-0.167505
OEAC_002_EU_EX_0326,1,25340218,28281060,0.005999
OEAC_002_EU_EX_0326,1,28330392,112929520,-0.194911
OEAC_002_EU_EX_0326,1,113073126,248918674,0.067652
OEAC_002_EU_EX_0326,2,41210,242095317,-0.005392
OEAC_002_EU_EX_0326,3,197418,89479754,-0.169167
OEAC_002_EU_EX_0326,3,90202096,198038957,0.157539
OEAC_002_EU_EX_0326,4,53095,190026578,-0.201977
OEAC_002_EU_EX_0326,5,140020,115171162,-0.000901
OEAC_002_EU_EX_0326,5,115171163,181261096,0.066409
OEAC_002_EU_EX_0326,6,203139,18572232,-0.171292
OEAC_002_EU_EX_0326,6,19837503,79925310,-0.013797
OEAC_002_EU_EX_0326,6,79925956,102055834,-0.194172
OEAC_002_EU_EX_0326,6,102063671,170583996,-0.021721
OEAC_002_EU_EX_0326,7,192971,11376131,-0.089962
OEAC_002_EU_EX_0326,7,11376287,30015201,0.224718
OEAC_002_EU_EX_0326,7,30018718,51193464,0.106751
OEAC_002_EU_EX_0326,7,51193465,158587920,0.017593
OEAC_002_EU_EX_0326,7,158591336,159233511,-0.273571
OEAC_002_EU_EX_0326,8,232862,104349819,0.294584
OEAC_002_EU_EX_0326,8,104354674,145054407,0.18407
OEAC_002_EU_EX_0326,9,154481,17791634,0.12922
OEAC_002_EU_EX_0326,9,17793100,41212763,-0.172226
OEAC_002_EU_EX_0326,9,41214866,83785166,0.012739
OEAC_002_EU_EX_0326,9,83788326,89403341,-0.302909
OEAC_002_EU_EX_0326,9,89405048,96345728,-0.010013
OEAC_002_EU_EX_0326,9,96350749,100352773,-0.2624
OEAC_002_EU_EX_0326,9,100441722,116975277,0.006506
OEAC_002_EU_EX_0326,9,116975278,138177557,0.162224
OEAC_002_EU_EX_0326,10,48933,133659862,0.139168
OEAC_002_EU_EX_0326,11,193507,134987037,0.124612
OEAC_002_EU_EX_0326,12,66645,44607553,0.148034
OEAC_002_EU_EX_0326,12,44610524,65211237,-0.038216
OEAC_002_EU_EX_0326,12,65215673,133234686,0.137598
OEAC_002_EU_EX_0326,13,18266986,114326577,0.158481
OEAC_002_EU_EX_0326,14,19733131,106875198,0.008972
OEAC_002_EU_EX_0326,15,19964484,36658208,-0.186031
OEAC_002_EU_EX_0326,15,36690848,47581744,0.153511
OEAC_002_EU_EX_0326,15,47759541,55191423,-0.137991
OEAC_002_EU_EX_0326,15,55192344,61854698,-0.396099
OEAC_002_EU_EX_0326,15,61854699,81344275,-0.183892
OEAC_002_EU_EX_0326,15,81344525,101849792,0.06546
OEAC_002_EU_EX_0326,16,31454,3082261,0.1534
OEAC_002_EU_EX_0326,16,3088883,29326772,-0.036785
OEAC_002_EU_EX_0326,16,29328291,30188695,-0.509351
OEAC_002_EU_EX_0326,16,30342888,89221468,-0.091909
OEAC_002_EU_EX_0326,16,89221738,90095084,-0.252042
OEAC_002_EU_EX_0326,17,137293,21703673,-0.261605
OEAC_002_EU_EX_0326,17,21703674,38378072,0.129988
OEAC_002_EU_EX_0326,17,38394990,39606306,0.853008
OEAC_002_EU_EX_0326,17,39606307,41041702,1.559
OEAC_002_EU_EX_0326,17,41065155,41968997,2.964402
OEAC_002_EU_EX_0326,17,41971628,46082829,-0.22012
OEAC_002_EU_EX_0326,17,46094401,59987849,0.145346
OEAC_002_EU_EX_0326,17,59988967,61890206,-0.335484
OEAC_002_EU_EX_0326,17,61891247,83136106,-0.038029
OEAC_002_EU_EX_0326,18,116595,21007051,-0.428215
OEAC_002_EU_EX_0326,18,21007798,80247644,-0.210928
OEAC_002_EU_EX_0326,19,281162,45180182,-0.050935
OEAC_002_EU_EX_0326,19,45212869,48587292,0.423452
OEAC_002_EU_EX_0326,19,48587293,50271725,0.131729
OEAC_002_EU_EX_0326,19,50271726,50888513,0.64765
OEAC_002_EU_EX_0326,19,50906612,58129766,-0.030617
OEAC_002_EU_EX_0326,19,58183660,58572884,-0.371331
OEAC_002_EU_EX_0326,20,87369,32133398,0.152939
OEAC_002_EU_EX_0326,20,32135734,32847096,-0.267252
OEAC_002_EU_EX_0326,20,32848294,63661649,0.146815
OEAC_002_EU_EX_0326,20,63661650,64273515,-0.051488
OEAC_002_EU_EX_0326,21,5033165,15051163,-0.225333
OEAC_002_EU_EX_0326,21,15730133,30813417,0.157841
OEAC_002_EU_EX_0326,21,30829228,46664692,-0.001275
OEAC_002_EU_EX_0326,22,10752512,30968214,0.081614
OEAC_002_EU_EX_0326,22,31082168,31785179,0.680098
OEAC_002_EU_EX_0326,22,31791715,35424508,0.149969
OEAC_002_EU_EX_0326,22,35546519,37971653,-0.040532
OEAC_002_EU_EX_0326,22,37971916,40968243,0.264406
OEAC_002_EU_EX_0326,22,40972070,44714928,-0.015517
OEAC_002_EU_EX_0326,22,44724936,49657439,0.237873
OEAC_002_EU_EX_0326,22,49774029,50327197,0.494668
OEAC_002_EU_EX_0326,22,50393567,50781015,0.155204
OEAC_002_EU_EX_0326,X,283933,156005768,0.137025
OEAC_002_EU_EX_0326,Y,2786786,19604397,-0.316599
OEAC_002_EU_EX_0326,Y,19705749,26348817,0.41232
OEAC_002_NN_EX_0345,1,785752,248918674,-0.000182
OEAC_002_NN_EX_0345,2,41210,242095317,-0.000198
OEAC_002_NN_EX_0345,3,197418,198038957,-0.000116
OEAC_002_NN_EX_0345,4,53095,190026578,-0.000208
OEAC_002_NN_EX_0345,5,140020,181261096,-0.000181
OEAC_002_NN_EX_0345,6,203139,170583996,-0.000233
OEAC_002_NN_EX_0345,7,192971,159233511,-0.000311
OEAC_002_NN_EX_0345,8,232862,145054407,-0.00018
OEAC_002_NN_EX_0345,9,154481,138177557,-0.000106
OEAC_002_NN_EX_0345,10,48933,133659862,-0.000221
OEAC_002_NN_EX_0345,11,193507,134987037,-0.000259
OEAC_002_NN_EX_0345,12,66645,133234686,-0.000203
OEAC_002_NN_EX_0345,13,18266986,114326577,-0.00012
OEAC_002_NN_EX_0345,14,19733131,106875198,-0.000326
OEAC_002_NN_EX_0345,15,19964484,101849792,-0.000161
OEAC_002_NN_EX_0345,16,31454,90095084,-0.000335
OEAC_002_NN_EX_0345,17,137293,83136106,-0.000336
OEAC_002_NN_EX_0345,18,116595,80247644,-0.000233
OEAC_002_NN_EX_0345,19,281162,58572884,-0.000676
OEAC_002_NN_EX_0345,20,87369,64273515,-8.5e-05
OEAC_002_NN_EX_0345,21,5033165,46664692,-0.000304
OEAC_002_NN_EX_0345,22,10752512,50781015,-0.000392
OEAC_002_NN_EX_0345,X,283933,156005768,-0.000298
OEAC_002_NN_EX_0345,Y,2786786,26348817,-0.003602
OEAC_002_OU_EX_0323,1,785752,45617813,0.060476
OEAC_002_OU_EX_0323,1,45617814,248918674,0.008637
OEAC_002_OU_EX_0323,2,41210,242095317,0.001122
OEAC_002_OU_EX_0323,3,197418,198038957,0.003558
OEAC_002_OU_EX_0323,4,53095,190026578,-0.030873
OEAC_002_OU_EX_0323,5,140020,181261096,0.006813
OEAC_002_OU_EX_0323,6,203139,45914720,0.042076
OEAC_002_OU_EX_0323,6,45941270,170583996,-0.026765
OEAC_002_OU_EX_0323,7,192971,159233511,0.013932
OEAC_002_OU_EX_0323,8,232862,104715320,-0.007271
OEAC_002_OU_EX_0323,8,104827163,107497813,-1.051944
OEAC_002_OU_EX_0323,8,107900767,145054407,0.00184
OEAC_002_OU_EX_0323,9,154481,17795975,-0.020873
OEAC_002_OU_EX_0323,9,18473970,19070635,-0.989789
OEAC_002_OU_EX_0323,9,19076418,20502642,-0.039941
OEAC_002_OU_EX_0323,9,20620362,22029827,-1.053249
OEAC_002_OU_EX_0323,9,22446752,83753662,0.027296
OEAC_002_OU_EX_0323,9,83768565,89405715,-1.000972
OEAC_002_OU_EX_0323,9,89604789,96398575,0.015152
OEAC_002_OU_EX_0323,9,96417754,100352773,-0.912311
OEAC_002_OU_EX_0323,9,100441722,138177557,0.058908
OEAC_002_OU_EX_0323,10,48933,133659862,0.011898
OEAC_002_OU_EX_0323,11,193507,134987037,0.022905
OEAC_002_OU_EX_0323,12,66645,44611202,-0.001359
OEAC_002_OU_EX_0323,12,44665222,45992382,-1.036081
OEAC_002_OU_EX_0323,12,46188598,133234686,0.028742
OEAC_002_OU_EX_0323,13,18266986,114326577,-0.006852
OEAC_002_OU_EX_0323,14,19733131,106875198,0.015075
OEAC_002_OU_EX_0323,15,19964484,101849792,0.022921
OEAC_002_OU_EX_0323,16,31454,29365320,0.043697
OEAC_002_OU_EX_0323,16,29612690,30188695,-0.923424
OEAC_002_OU_EX_0323,16,30342888,90095084,0.038306
OEAC_002_OU_EX_0323,17,137293,59987849,0.047855
OEAC_002_OU_EX_0323,17,59988967,61890206,-0.953972
OEAC_002_OU_EX_0323,17,61891247,83136106,0.053646
OEAC_002_OU_EX_0323,18,116595,80247644,-0.022425
OEAC_002_OU_EX_0323,19,281162,58572884,0.069116
OEAC_002_OU_EX_0323,20,87369,32110040,0.035112
OEAC_002_OU_EX_0323,20,32132665,32847096,-0.925836
OEAC_002_OU_EX_0323,20,32848294,64273515,0.066646
OEAC_002_OU_EX_0323,21,5033165,46664692,0.015647
OEAC_002_OU_EX_0323,22,10752512,50781015,0.052953
OEAC_002_OU_EX_0323,X,283933,156005768,-0.016043
OEAC_002_OU_EX_0323,Y,2786786,26348817,0.069006
OEAC_003_EU_EX_00S4,1,785752,44012019,0.004302
OEAC_003_EU_EX_00S4,1,44016774,115992548,-0.060405
OEAC_003_EU_EX_00S4,1,116019289,248918674,0.012824
OEAC_003_EU_EX_00S4,2,41210,242095317,0.074209
OEAC_003_EU_EX_00S4,3,197418,89127595,-0.052976
OEAC_003_EU_EX_00S4,3,89209565,100141855,0.330941
OEAC_003_EU_EX_00S4,3,100146705,198038957,0.118504
OEAC_003_EU_EX_00S4,4,53095,5331659,0.324318
OEAC_003_EU_EX_00S4,4,5397892,56658109,0.133633
OEAC_003_EU_EX_00S4,4,56809788,190026578,-0.07582
OEAC_003_EU_EX_00S4,5,140020,45462276,-0.025399
OEAC_003_EU_EX_00S4,5,45644922,75193084,-0.340681
OEAC_003_EU_EX_00S4,5,75193102,83111455,-0.051051
OEAC_003_EU_EX_00S4,5,83195521,181261096,-0.276987
OEAC_003_EU_EX_00S4,6,203139,48009409,0.181698
OEAC_003_EU_EX_00S4,6,48067919,60545195,0.390347
OEAC_003_EU_EX_00S4,6,61680639,88066572,0.009909
OEAC_003_EU_EX_00S4,6,88143535,135103363,0.11883
OEAC_003_EU_EX_00S4,6,135181318,170583996,0.496677
OEAC_003_EU_EX_00S4,7,192971,55711422,0.269332
OEAC_003_EU_EX_00S4,7,55711423,159233511,0.117454
OEAC_003_EU_EX_00S4,8,232862,1010701,-0.818939
OEAC_003_EU_EX_00S4,8,1500997,22727518,-0.103936
OEAC_003_EU_EX_00S4,8,22817326,33597740,-0.261802
OEAC_003_EU_EX_00S4,8,35235425,42987099,-0.397767
OEAC_003_EU_EX_00S4,8,42994099,61690083,-0.006973
OEAC_003_EU_EX_00S4,8,61714012,85246178,0.33087
OEAC_003_EU_EX_00S4,8,85246179,143868771,0.47303
OEAC_003_EU_EX_00S4,8,143868772,145054407,0.654967
OEAC_003_EU_EX_00S4,9,154481,28889252,-0.152781
OEAC_003_EU_EX_00S4,9,32384400,34521953,0.259543
OEAC_003_EU_EX_00S4,9,34551804,39447246,0.016216
OEAC_003_EU_EX_00S4,9,39456197,138177557,0.230964
OEAC_003_EU_EX_00S4,10,48933,38383551,0.405422
OEAC_003_EU_EX_00S4,10,42409778,69171606,-0.074608
OEAC_003_EU_EX_00S4,10,69180018,133659862,0.020924
OEAC_003_EU_EX_00S4,11,193507,8475153,-0.223889
OEAC_003_EU_EX_00S4,11,8617570,10456805,0.258765
OEAC_003_EU_EX_00S4,11,10461237,12094597,1.216068
OEAC_003_EU_EX_00S4,11,12161948,30878986,0.457388
OEAC_003_EU_EX_00S4,11,30880917,50054432,0.014774
OEAC_003_EU_EX_00S4,11,50287488,58585223,0.247294
OEAC_003_EU_EX_00S4,11,58609546,66059649,-0.002567
OEAC_003_EU_EX_00S4,11,66059650,68390006,0.249755
OEAC_003_EU_EX_00S4,11,68403206,70078468,0.656727
OEAC_003_EU_EX_00S4,11,70078469,70503275,0.972328
OEAC_003_EU_EX_00S4,11,70659546,134987037,-0.025841
OEAC_003_EU_EX_00S4,12,66645,15138268,0.01287
OEAC_003_EU_EX_00S4,12,15217074,22685249,-0.150969
OEAC_003_EU_EX_00S4,12,23532836,25553291,3.88405
OEAC_003_EU_EX_00S4,12,25648149,40225973,0.348021
OEAC_003_EU_EX_00S4,12,40232025,57310638,-0.264755
OEAC_003_EU_EX_00S4,12,57434606,57823669,0.156488
OEAC_003_EU_EX_00S4,12,57823670,133234686,-0.282317
OEAC_003_EU_EX_00S4,13,18266986,35652168,0.214109
OEAC_003_EU_EX_00S4,13,35654538,59774479,0.49657
OEAC_003_EU_EX_00S4,13,59774480,74419143,0.806024
OEAC_003_EU_EX_00S4,13,75286498,79551429,1.109757
OEAC_003_EU_EX_00S4,13,80336351,114326577,0.162424
OEAC_003_EU_EX_00S4,14,19733131,106875198,0.170138
OEAC_003_EU_EX_00S4,15,19964484,86397762,-0.123337
OEAC_003_EU_EX_00S4,15,86522523,101849792,0.053989
OEAC_003_EU_EX_00S4,16,31454,16263452,0.303863
OEAC_003_EU_EX_00S4,16,16365001,53985339,-0.112899
OEAC_003_EU_EX_00S4,16,54111481,90095084,-0.041536
OEAC_003_EU_EX_00S4,17,137293,22567781,-0.269192
OEAC_003_EU_EX_00S4,17,27293562,38396223,0.388662
OEAC_003_EU_EX_00S4,17,38457865,39544553,0.684717
OEAC_003_EU_EX_00S4,17,39605163,40036502,3.691426
OEAC_003_EU_EX_00S4,17,40053097,40930403,0.521669
OEAC_003_EU_EX_00S4,17,40931084,83136106,-0.260384
OEAC_003_EU_EX_00S4,18,116595,20955102,0.223024
OEAC_003_EU_EX_00S4,18,20959580,28148109,-0.001157
OEAC_003_EU_EX_00S4,18,30298641,33245628,0.225656
OEAC_003_EU_EX_00S4,18,33266664,62979768,-0.070648
OEAC_003_EU_EX_00S4,18,63128282,64098982,0.565023
OEAC_003_EU_EX_00S4,18,65762595,80247644,0.029579
OEAC_003_EU_EX_00S4,19,281162,14191314,-0.303889
OEAC_003_EU_EX_00S4,19,14191315,17245472,-0.018726
OEAC_003_EU_EX_00S4,19,17249907,24162569,-0.174818
OEAC_003_EU_EX_00S4,19,29075906,46851176,0.020303
OEAC_003_EU_EX_00S4,19,46918422,58572884,-0.307848
OEAC_003_EU_EX_00S4,20,87369,19684548,-0.028671
OEAC_003_EU_EX_00S4,20,19684836,64273515,0.265046
OEAC_003_EU_EX_00S4,21,5033165,46664692,-0.248173
OEAC_003_EU_EX_00S4,22,10752512,50781015,-0.246123
OEAC_003_EU_EX_00S4,X,283933,41787584,-0.042025
OEAC_003_EU_EX_00S4,X,41852762,57909505,0.221876
OEAC_003_EU_EX_00S4,X,63299174,103093367,-0.032393
OEAC_003_EU_EX_00S4,X,103215934,156005768,0.226555
OEAC_003_EU_EX_00S4,Y,2786786,26348817,-0.114736
OEAC_003_NN_EX_00S3,1,785752,248918674,5.8e-05
OEAC_003_NN_EX_00S3,2,41210,242095317,2.2e-05
OEAC_003_NN_EX_00S3,3,197418,198038957,-2.9e-05
OEAC_003_NN_EX_00S3,4,53095,190026578,3.6e-05
OEAC_003_NN_EX_00S3,5,140020,181261096,-5.8e-05
OEAC_003_NN_EX_00S3,6,203139,170583996,-0.000138
OEAC_003_NN_EX_00S3,7,192971,159233511,0.000141
OEAC_003_NN_EX_00S3,8,232862,145054407,0.000193
OEAC_003_NN_EX_00S3,9,154481,138177557,0.000294
OEAC_003_NN_EX_00S3,10,48933,133659862,8.4e-05
OEAC_003_NN_EX_00S3,11,193507,134987037,0.000151
OEAC_003_NN_EX_00S3,12,66645,133234686,-1e-05
OEAC_003_NN_EX_00S3,13,18266986,114326577,-0.000225
OEAC_003_NN_EX_00S3,14,19733131,106875198,0.000158
OEAC_003_NN_EX_00S3,15,19964484,101849792,0.000283
OEAC_003_NN_EX_00S3,16,31454,90095084,0.000382
OEAC_003_NN_EX_00S3,17,137293,83136106,0.000261
OEAC_003_NN_EX_00S3,18,116595,80247644,1.8e-05
OEAC_003_NN_EX_00S3,19,281162,58572884,0.000844
OEAC_003_NN_EX_00S3,20,87369,64273515,0.000175
OEAC_003_NN_EX_00S3,21,5033165,46664692,0.000365
OEAC_003_NN_EX_00S3,22,10752512,50781015,0.000647
OEAC_003_NN_EX_00S3,X,283933,156005768,-0.000151
OEAC_003_NN_EX_00S3,Y,2786786,26348817,0.001619
OEAC_003_OU_EX_00S5,1,785752,55137754,0.074584
OEAC_003_OU_EX_00S5,1,55137755,248918674,0.022046
OEAC_003_OU_EX_00S5,2,41210,61134520,-0.01578
OEAC_003_OU_EX_00S5,2,61157576,62949005,0.517886
OEAC_003_OU_EX_00S5,2,62949006,91737386,-0.00662
OEAC_003_OU_EX_00S5,2,91738875,106843503,0.286594
OEAC_003_OU_EX_00S5,2,106843504,154446957,-0.00711
OEAC_003_OU_EX_00S5,2,154450150,242095317,0.264792
OEAC_003_OU_EX_00S5,3,197418,198038957,0.000622
OEAC_003_OU_EX_00S5,4,53095,49062263,0.274572
OEAC_003_OU_EX_00S5,4,51842913,147542960,-0.053842
OEAC_003_OU_EX_00S5,4,147617724,190026578,0.212649
OEAC_003_OU_EX_00S5,5,140020,45462276,0.000312
OEAC_003_OU_EX_00S5,5,45644922,181261096,-0.330756
OEAC_003_OU_EX_00S5,6,203139,29792269,0.180067
OEAC_003_OU_EX_00S5,6,29792270,48009409,0.29634
OEAC_003_OU_EX_00S5,6,48067919,60545195,0.484898
OEAC_003_OU_EX_00S5,6,61680639,88066572,-0.348195
OEAC_003_OU_EX_00S5,6,88143535,135103363,-0.050448
OEAC_003_OU_EX_00S5,6,135181318,170583996,0.261076
OEAC_003_OU_EX_00S5,7,192971,66671450,0.229621
OEAC_003_OU_EX_00S5,7,66681747,154052956,-0.069785
OEAC_003_OU_EX_00S5,7,154305199,159233511,0.228348
OEAC_003_OU_EX_00S5,8,232862,42987099,-0.329122
OEAC_003_OU_EX_00S5,8,42994099,48724810,0.342945
OEAC_003_OU_EX_00S5,8,48724811,68146635,-0.033459
OEAC_003_OU_EX_00S5,8,68157066,85135275,0.304829
OEAC_003_OU_EX_00S5,8,85135535,143043586,0.463138
OEAC_003_OU_EX_00S5,8,143043844,145054407,0.761219
OEAC_003_OU_EX_00S5,9,154481,33569052,-0.302368
OEAC_003_OU_EX_00S5,9,33572966,39447246,0.070408
OEAC_003_OU_EX_00S5,9,39456197,138177557,0.312582
OEAC_003_OU_EX_00S5,10,48933,42410398,0.480851
OEAC_003_OU_EX_00S5,10,42411448,54664539,-0.377741
OEAC_003_OU_EX_00S5,10,56357766,133659862,0.032135
OEAC_003_OU_EX_00S5,11,193507,8475153,-0.31735
OEAC_003_OU_EX_00S5,11,8617570,10456805,0.350664
OEAC_003_OU_EX_00S5,11,10461237,12094597,1.300062
OEAC_003_OU_EX_00S5,11,12161948,30580678,0.504227
OEAC_003_OU_EX_00S5,11,30878274,66059118,0.068161
OEAC_003_OU_EX_00S5,11,66059119,68386951,0.592719
OEAC_003_OU_EX_00S5,11,68389634,70502079,1.070021
OEAC_003_OU_EX_00S5,11,70502080,120940727,0.27436
OEAC_003_OU_EX_00S5,11,120952555,121304790,2.499651
OEAC_003_OU_EX_00S5,11,121306169,121629845,0.271843
OEAC_003_OU_EX_00S5,11,122099459,126021738,-0.326923
OEAC_003_OU_EX_00S5,11,126023055,134987037,0.010849
OEAC_003_OU_EX_00S5,12,66645,15111753,0.023705
OEAC_003_OU_EX_00S5,12,15120757,23846380,-0.206595
OEAC_003_OU_EX_00S5,12,23895482,25553291,3.484641
OEAC_003_OU_EX_00S5,12,25648149,38724139,0.293134
OEAC_003_OU_EX_00S5,12,38724578,57434978,-0.285774
OEAC_003_OU_EX_00S5,12,57434979,57813623,0.052546
OEAC_003_OU_EX_00S5,12,57813890,133234686,-0.315328
OEAC_003_OU_EX_00S5,13,18266986,32061452,0.280863
OEAC_003_OU_EX_00S5,13,32078641,114326577,-0.000393
OEAC_003_OU_EX_00S5,14,19733131,106875198,0.313428
OEAC_003_OU_EX_00S5,15,19964484,101849792,0.028798
OEAC_003_OU_EX_00S5,16,31454,16263452,0.088033
OEAC_003_OU_EX_00S5,16,16365001,90095084,-0.278011
OEAC_003_OU_EX_00S5,17,137293,22567781,-0.27614
OEAC_003_OU_EX_00S5,17,27293562,38396223,0.339767
OEAC_003_OU_EX_00S5,17,38457865,39544553,0.760136
OEAC_003_OU_EX_00S5,17,39605163,40036502,3.648061
OEAC_003_OU_EX_00S5,17,40053097,40924839,0.560878
OEAC_003_OU_EX_00S5,17,40925139,83136106,-0.277293
OEAC_003_OU_EX_00S5,18,116595,8705845,0.094251
OEAC_003_OU_EX_00S5,18,8705846,26057684,0.248432
OEAC_003_OU_EX_00S5,18,26077793,28148109,-0.364489
OEAC_003_OU_EX_00S5,18,30298641,31162855,1.885928
OEAC_003_OU_EX_00S5,18,31317968,31476479,2.692988
OEAC_003_OU_EX_00S5,18,31498007,33349264,1.46747
OEAC_003_OU_EX_00S5,18,33369786,62280108,-0.32352
OEAC_003_OU_EX_00S5,18,62280109,64098982,0.276304
OEAC_003_OU_EX_00S5,18,65762595,70326444,-0.363957
OEAC_003_OU_EX_00S5,18,72537922,80247644,0.331287
OEAC_003_OU_EX_00S5,19,281162,34023203,-0.25661
OEAC_003_OU_EX_00S5,19,34092227,34409754,0.84703
OEAC_003_OU_EX_00S5,19,34413471,35345894,0.107058
OEAC_003_OU_EX_00S5,19,35345895,58572884,-0.245868
OEAC_003_OU_EX_00S5,20,87369,23354218,0.038323
OEAC_003_OU_EX_00S5,20,23354219,64273515,0.333826
OEAC_003_OU_EX_00S5,21,5033165,46664692,-0.287002
OEAC_003_OU_EX_00S5,22,10752512,50781015,-0.253503
OEAC_003_OU_EX_00S5,X,283933,2752537,-0.000948
OEAC_003_OU_EX_00S5,X,2770273,41787584,-0.352324
OEAC_003_OU_EX_00S5,X,41852762,57909505,0.300441
OEAC_003_OU_EX_00S5,X,63299174,103242073,-0.340753
OEAC_003_OU_EX_00S5,X,103253371,145256039,0.229152
OEAC_003_OU_EX_00S5,X,145822212,149933009,-0.36317
OEAC_003_OU_EX_00S5,X,149933349,156005768,0.305442
OEAC_003_OU_EX_00S5,Y,2786786,26348817,0.15821
OEAC_004_EU_EX_4320,1,785752,6477907,0.099664
OEAC_004_EU_EX_4320,1,6484971,54759477,-0.03512
OEAC_004_EU_EX_4320,1,54780957,145728771,0.069914
OEAC_004_EU_EX_4320,1,145730441,151693827,-0.056923
OEAC_004_EU_EX_4320,1,151694059,154000996,0.211763
OEAC_004_EU_EX_4320,1,154001524,155963431,-0.091886
OEAC_004_EU_EX_4320,1,155964670,247857916,0.042038
OEAC_004_EU_EX_4320,1,247860290,248918674,-0.303773
OEAC_004_EU_EX_4320,2,41210,241316836,0.039087
OEAC_004_EU_EX_4320,2,241319938,242095317,-0.313443
OEAC_004_EU_EX_4320,3,197418,58637493,-0.02244
OEAC_004_EU_EX_4320,3,58639846,196052487,0.134805
OEAC_004_EU_EX_4320,3,196053172,198038957,-0.150314
OEAC_004_EU_EX_4320,4,53095,506183,-0.471372
OEAC_004_EU_EX_4320,4,506450,190026578,0.064041
OEAC_004_EU_EX_4320,5,140020,837774,-0.334931
OEAC_004_EU_EX_4320,5,839922,68295776,0.048027
OEAC_004_EU_EX_4320,5,68295917,71657147,-0.279819
OEAC_004_EU_EX_4320,5,71719080,181003074,0.016805
OEAC_004_EU_EX_4320,5,181003575,181261096,-0.446218
OEAC_004_EU_EX_4320,6,203139,43671286,0.007892
OEAC_004_EU_EX_4320,6,43671538,170583996,0.069671
OEAC_004_EU_EX_4320,7,192971,6825001,-0.083446
OEAC_004_EU_EX_4320,7,7066653,55691781,0.066232
OEAC_004_EU_EX_4320,7,55698607,78126100,-0.124322
OEAC_004_EU_EX_4320,7,78127004,99548660,0.244078
OEAC_004_EU_EX_4320,7,99560331,100688814,0.449316
OEAC_004_EU_EX_4320,7,100706609,158641755,0.041681
OEAC_004_EU_EX_4320,7,158643903,159233511,-0.313812
OEAC_004_EU_EX_4320,8,232862,48725180,0.043408
OEAC_004_EU_EX_4320,8,48728732,144548749,0.184665
OEAC_004_EU_EX_4320,8,144555304,145054407,-0.362239
OEAC_004_EU_EX_4320,9,154481,917130,-0.453991
OEAC_004_EU_EX_4320,9,967651,36277347,-0.053344
OEAC_004_EU_EX_4320,9,36339404,39133397,0.302167
OEAC_004_EU_EX_4320,9,39140338,133058257,0.022329
OEAC_004_EU_EX_4320,9,133064165,137515742,0.235379
OEAC_004_EU_EX_4320,9,137519659,138177557,-0.165145
OEAC_004_EU_EX_4320,10,48933,103443611,0.005304
OEAC_004_EU_EX_4320,10,103443612,133659862,0.092568
OEAC_004_EU_EX_4320,11,193507,1011452,-0.164716
OEAC_004_EU_EX_4320,11,1011453,134987037,0.052949
OEAC_004_EU_EX_4320,12,66645,1372240,-0.49384
OEAC_004_EU_EX_4320,12,1407876,32879369,-0.015505
OEAC_004_EU_EX_4320,12,33376500,49975876,0.084616
OEAC_004_EU_EX_4320,12,49976686,51343048,-0.214223
OEAC_004_EU_EX_4320,12,51343488,55760592,0.054236
OEAC_004_EU_EX_4320,12,55760593,57158922,-0.140733
OEAC_004_EU_EX_4320,12,57159521,71898230,0.028044
OEAC_004_EU_EX_4320,12,71906705,92842877,0.164349
OEAC_004_EU_EX_4320,12,92850853,120265957,-0.044161
OEAC_004_EU_EX_4320,12,120282007,123838947,-0.16918
OEAC_004_EU_EX_4320,12,123841062,132633132,0.056821
OEAC_004_EU_EX_4320,12,132633930,133234686,-0.367337
OEAC_004_EU_EX_4320,13,18266986,29493072,-0.004298
OEAC_004_EU_EX_4320,13,29496907,36442999,0.487017
OEAC_004_EU_EX_4320,13,36694792,113158988,0.027245
OEAC_004_EU_EX_4320,13,113158989,114326577,-0.254413
OEAC_004_EU_EX_4320,14,19733131,93227369,-0.038308
OEAC_004_EU_EX_4320,14,93242001,106875198,0.047289
OEAC_004_EU_EX_4320,15,19964484,101849792,-0.073253
OEAC_004_EU_EX_4320,16,31454,519279,-0.389823
OEAC_004_EU_EX_4320,16,519450,3150052,0.072821
OEAC_004_EU_EX_4320,16,3203931,89591497,-0.039863
OEAC_004_EU_EX_4320,16,89595070,90095084,-0.464148
OEAC_004_EU_EX_4320,17,137293,1007589,-0.452591
OEAC_004_EU_EX_4320,17,1009399,10392735,-0.127533
OEAC_004_EU_EX_4320,17,10392736,68523926,-0.000465
OEAC_004_EU_EX_4320,17,68523927,82392878,0.085134
OEAC_004_EU_EX_4320,17,82394052,83136106,-0.295681
OEAC_004_EU_EX_4320,18,116595,757062,-0.402075
OEAC_004_EU_EX_4320,18,904128,21704916,-0.044689
OEAC_004_EU_EX_4320,18,21741323,24334672,0.351409
OEAC_004_EU_EX_4320,18,24341239,80247644,0.006823
OEAC_004_EU_EX_4320,19,281162,57709247,-0.167213
OEAC_004_EU_EX_4320,19,57720150,58572884,-0.461771
OEAC_004_EU_EX_4320,20,87369,649226,-0.416605
OEAC_004_EU_EX_4320,20,652670,56536594,0.027806
OEAC_004_EU_EX_4320,20,56629216,63592837,0.205833
OEAC_004_EU_EX_4320,20,63592838,64273515,-0.140917
OEAC_004_EU_EX_4320,21,5033165,46145708,-0.008031
OEAC_004_EU_EX_4320,21,46146097,46664692,-0.421441
OEAC_004_EU_EX_4320,22,10752512,50781015,-0.087342
OEAC_004_EU_EX_4320,X,283933,3024420,-0.32849
OEAC_004_EU_EX_4320,X,3027081,156005768,0.078406
OEAC_004_EU_EX_4320,Y,2786786,26348817,-0.201253
OEAC_004_NN_EX_4337,1,785752,248918674,-0.001178
OEAC_004_NN_EX_4337,2,41210,242095317,-0.000708
OEAC_004_NN_EX_4337,3,197418,198038957,0.00062
OEAC_004_NN_EX_4337,4,53095,190026578,-0.000504
OEAC_004_NN_EX_4337,5,140020,181261096,0.000336
OEAC_004_NN_EX_4337,6,203139,170583996,0.00016
OEAC_004_NN_EX_4337,7,192971,159233511,-0.002007
OEAC_004_NN_EX_4337,8,232862,145054407,-0.000823
OEAC_004_NN_EX_4337,9,154481,138177557,-0.001942
OEAC_004_NN_EX_4337,10,48933,133659862,-0.001214
OEAC_004_NN_EX_4337,11,193507,134987037,-0.001356
OEAC_004_NN_EX_4337,12,66645,133234686,-0.001438
OEAC_004_NN_EX_4337,13,18266986,114326577,0.000759
OEAC_004_NN_EX_4337,14,19733131,106875198,-0.002779
OEAC_004_NN_EX_4337,15,19964484,101849792,-0.001781
OEAC_004_NN_EX_4337,16,31454,90095084,-0.004971
OEAC_004_NN_EX_4337,17,137293,83136106,-0.003707
OEAC_004_NN_EX_4337,18,116595,80247644,-0.000811
OEAC_004_NN_EX_4337,19,281162,58572884,-0.009843
OEAC_004_NN_EX_4337,20,87369,64273515,-0.002028
OEAC_004_NN_EX_4337,21,5033165,46664692,-0.003017
OEAC_004_NN_EX_4337,22,10752512,50781015,-0.005054
OEAC_004_NN_EX_4337,X,283933,156005768,0.000512
OEAC_004_NN_EX_4337,Y,2786786,26348817,-0.008895
OEAC_004_OU_EX_5328,1,785752,20338295,-0.230819
OEAC_004_OU_EX_5328,1,20342220,114911844,-0.322474
OEAC_004_OU_EX_5328,1,114912775,144055714,0.065064
OEAC_004_OU_EX_5328,1,144891903,152719770,0.414733
OEAC_004_OU_EX_5328,1,152719771,153820031,0.685485
OEAC_004_OU_EX_5328,1,153827757,155140563,1.073027
OEAC_004_OU_EX_5328,1,155169197,156952009,0.705439
OEAC_004_OU_EX_5328,1,156954503,160201703,0.342225
OEAC_004_OU_EX_5328,1,160208261,161912663,0.639442
OEAC_004_OU_EX_5328,1,161958172,248918674,0.047253
OEAC_004_OU_EX_5328,2,41210,131836459,0.070898
OEAC_004_OU_EX_5328,2,132256755,199456361,-0.565149
OEAC_004_OU_EX_5328,2,199458176,242095317,0.070924
OEAC_004_OU_EX_5328,3,197418,15234207,-0.068393
OEAC_004_OU_EX_5328,3,15234741,36858347,0.221699
OEAC_004_OU_EX_5328,3,36858406,85883719,-0.055795
OEAC_004_OU_EX_5328,3,85885894,198038957,0.540228
OEAC_004_OU_EX_5328,4,53095,20258227,0.315227
OEAC_004_OU_EX_5328,4,20268513,73223408,-0.549597
OEAC_004_OU_EX_5328,4,73257975,94666390,-0.124618
OEAC_004_OU_EX_5328,4,95051428,190026578,-0.564108
OEAC_004_OU_EX_5328,5,140020,26988635,-0.538627
OEAC_004_OU_EX_5328,5,31267213,32591942,0.857095
OEAC_004_OU_EX_5328,5,32594256,34124782,1.244777
OEAC_004_OU_EX_5328,5,34686526,39021447,0.313864
OEAC_004_OU_EX_5328,5,39073841,44815393,1.280767
OEAC_004_OU_EX_5328,5,45261636,82243140,0.320428
OEAC_004_OU_EX_5328,5,82252260,95891562,0.103974
OEAC_004_OU_EX_5328,5,95895267,123588275,-0.266089
OEAC_004_OU_EX_5328,5,123588276,134308992,-0.090465
OEAC_004_OU_EX_5328,5,134312017,134624291,0.727638
OEAC_004_OU_EX_5328,5,134648713,177739382,-0.084734
OEAC_004_OU_EX_5328,5,177739383,181261096,0.299967
OEAC_004_OU_EX_5328,6,203139,17616591,0.479535
OEAC_004_OU_EX_5328,6,17616592,28272168,0.066021
OEAC_004_OU_EX_5328,6,28272169,31529861,0.385106
OEAC_004_OU_EX_5328,6,31530166,39892088,0.09451
OEAC_004_OU_EX_5328,6,39896601,43130614,0.426949
OEAC_004_OU_EX_5328,6,43130615,170583996,0.035156
OEAC_004_OU_EX_5328,7,192971,35253850,-0.497049
OEAC_004_OU_EX_5328,7,35374572,37850987,0.109964
OEAC_004_OU_EX_5328,7,37857017,39697705,-0.55242
OEAC_004_OU_EX_5328,7,39705782,40860695,0.538047
OEAC_004_OU_EX_5328,7,41328898,50096865,-0.489999
OEAC_004_OU_EX_5328,7,50103998,53036868,0.523868
OEAC_004_OU_EX_5328,7,53862193,65400161,-0.540533
OEAC_004_OU_EX_5328,7,65616857,70729482,1.143837
OEAC_004_OU_EX_5328,7,70762647,78256868,-0.446884
OEAC_004_OU_EX_5328,7,78343567,82761785,0.857883
OEAC_004_OU_EX_5328,7,82801222,90899681,0.515662
OEAC_004_OU_EX_5328,7,90917336,92095463,-0.295153
OEAC_004_OU_EX_5328,7,92096365,94004527,0.886694
OEAC_004_OU_EX_5328,7,94394825,94911725,0.060153
OEAC_004_OU_EX_5328,7,95111011,98992476,0.95598
OEAC_004_OU_EX_5328,7,98993275,101624532,1.202041
OEAC_004_OU_EX_5328,7,101815670,104845709,-0.370965
OEAC_004_OU_EX_5328,7,104905869,107190557,0.026033
OEAC_004_OU_EX_5328,7,107195573,159233511,-0.507251
OEAC_004_OU_EX_5328,8,232862,35793588,-0.050508
OEAC_004_OU_EX_5328,8,36784131,37598831,0.760198
OEAC_004_OU_EX_5328,8,37695722,43357157,0.075293
OEAC_004_OU_EX_5328,8,46840864,86381196,0.689931
OEAC_004_OU_EX_5328,8,86381263,141144527,0.893772
OEAC_004_OU_EX_5328,8,141149985,145054407,1.073935
OEAC_004_OU_EX_5328,9,154481,36277347,-0.52569
OEAC_004_OU_EX_5328,9,36339404,42796244,2.004116
OEAC_004_OU_EX_5328,9,62801005,123879321,0.022551
OEAC_004_OU_EX_5328,9,124007600,138177557,0.535697
OEAC_004_OU_EX_5328,10,48933,68901814,0.356427
OEAC_004_OU_EX_5328,10,68906365,72008672,1.269108
OEAC_004_OU_EX_5328,10,72062578,72954872,0.433167
OEAC_004_OU_EX_5328,10,73007904,73210713,1.189216
OEAC_004_OU_EX_5328,10,73227830,75552855,2.550191
OEAC_004_OU_EX_5328,10,75782642,77251603,1.742142
OEAC_004_OU_EX_5328,10,77403657,88909151,0.083333
OEAC_004_OU_EX_5328,10,88910577,118326550,0.384374
OEAC_004_OU_EX_5328,10,118334791,131308632,0.690321
OEAC_004_OU_EX_5328,10,131308873,133659862,1.017816
OEAC_004_OU_EX_5328,11,193507,2955035,-0.365378
OEAC_004_OU_EX_5328,11,2955378,7510402,-0.563846
OEAC_004_OU_EX_5328,11,7549215,9896371,0.534849
OEAC_004_OU_EX_5328,11,9961650,27057593,-0.082961
OEAC_004_OU_EX_5328,11,27092939,50054432,0.079772
OEAC_004_OU_EX_5328,11,50287488,57661693,-0.541706
OEAC_004_OU_EX_5328,11,57672837,65721020,0.53556
OEAC_004_OU_EX_5328,11,65777576,71492179,0.803393
OEAC_004_OU_EX_5328,11,71497163,134987037,0.1839
OEAC_004_OU_EX_5328,12,66645,19943258,-0.076084
OEAC_004_OU_EX_5328,12,20369010,21378675,1.620203
OEAC_004_OU_EX_5328,12,21437480,24212867,2.193575
OEAC_004_OU_EX_5328,12,24583398,26475717,3.840629
OEAC_004_OU_EX_5328,12,26476621,29371895,2.157169
OEAC_004_OU_EX_5328,12,29389232,32879369,1.284285
OEAC_004_OU_EX_5328,12,33376500,47847142,0.614453
OEAC_004_OU_EX_5328,12,47855312,59779908,0.124368
OEAC_004_OU_EX_5328,12,61710011,81267106,0.239757
OEAC_004_OU_EX_5328,12,81267107,133234686,0.086283
OEAC_004_OU_EX_5328,13,18266986,29493072,-0.42293
OEAC_004_OU_EX_5328,13,29496907,32446749,2.336185
OEAC_004_OU_EX_5328,13,32477637,36442999,1.967871
OEAC_004_OU_EX_5328,13,36694792,75883481,-0.64738
OEAC_004_OU_EX_5328,13,76592155,113500387,0.241544
OEAC_004_OU_EX_5328,13,113501427,114326577,-0.02468
OEAC_004_OU_EX_5328,14,19733131,26597723,-0.476479
OEAC_004_OU_EX_5328,14,26908271,49643973,0.381329
OEAC_004_OU_EX_5328,14,49647014,49838493,-0.449348
OEAC_004_OU_EX_5328,14,49840454,50762145,0.451292
OEAC_004_OU_EX_5328,14,50763505,54401865,0.143252
OEAC_004_OU_EX_5328,14,54401942,71055905,-0.097929
OEAC_004_OU_EX_5328,14,71057266,74046472,0.165157
OEAC_004_OU_EX_5328,14,74047675,75646830,-0.167279
OEAC_004_OU_EX_5328,14,75651294,90286715,0.09955
OEAC_004_OU_EX_5328,14,90287960,91409039,-0.272223
OEAC_004_OU_EX_5328,14,91416399,106875198,0.198233
OEAC_004_OU_EX_5328,15,19964484,23039876,-1.229896
OEAC_004_OU_EX_5328,15,23310614,28299826,-29.86457
OEAC_004_OU_EX_5328,15,28666943,45691385,-0.053904
OEAC_004_OU_EX_5328,15,47581000,101849792,-0.507675
OEAC_004_OU_EX_5328,16,31454,7333414,-0.360892
OEAC_004_OU_EX_5328,16,7517833,16365588,0.072942
OEAC_004_OU_EX_5328,16,17095983,31297796,-0.292436
OEAC_004_OU_EX_5328,16,31297797,64999157,-0.500376
OEAC_004_OU_EX_5328,16,65004421,77211609,-0.288179
OEAC_004_OU_EX_5328,16,77212439,90095084,-0.442877
OEAC_004_OU_EX_5328,17,137293,18382957,-0.467391
OEAC_004_OU_EX_5328,17,18387936,74291366,0.523534
OEAC_004_OU_EX_5328,17,74299436,83136106,0.616797
OEAC_004_OU_EX_5328,18,116595,21704916,-0.081817
OEAC_004_OU_EX_5328,18,21741323,24377792,2.553014
OEAC_004_OU_EX_5328,18,24426480,26865975,0.946752
OEAC_004_OU_EX_5328,18,26916045,72539100,-0.076125
OEAC_004_OU_EX_5328,18,72541543,80247644,0.275741
OEAC_004_OU_EX_5328,19,281162,58572884,-0.428076
OEAC_004_OU_EX_5328,20,87369,42120326,0.213509
OEAC_004_OU_EX_5328,20,42128489,64273515,0.540126
OEAC_004_OU_EX_5328,21,5033165,46664692,-0.043633
OEAC_004_OU_EX_5328,22,10752512,50781015,-0.449434
OEAC_004_OU_EX_5328,X,283933,2775079,-0.359651
OEAC_004_OU_EX_5328,X,2781702,156005768,0.453863
OEAC_004_OU_EX_5328,Y,2786786,26348817,-29.523417
OEAC_005_EU_EX_5362,1,785752,16650004,-0.023747
OEAC_005_EU_EX_5362,1,16650005,23639442,-0.170312
OEAC_005_EU_EX_5362,1,23639443,161514323,-0.037721
OEAC_005_EU_EX_5362,1,161517712,248918674,0.080586
OEAC_005_EU_EX_5362,2,41210,26198111,0.138805
OEAC_005_EU_EX_5362,2,26200852,178456471,0.043136
OEAC_005_EU_EX_5362,2,178458270,242095317,-0.014331
OEAC_005_EU_EX_5362,3,197418,175460499,-0.038794
OEAC_005_EU_EX_5362,3,175463115,198038957,0.131821
OEAC_005_EU_EX_5362,4,53095,190026578,-0.052049
OEAC_005_EU_EX_5362,5,140020,181261096,0.004987
OEAC_005_EU_EX_5362,6,203139,170583996,-0.032718
OEAC_005_EU_EX_5362,7,192971,6766088,0.079312
OEAC_005_EU_EX_5362,7,6780541,100563233,0.205286
OEAC_005_EU_EX_5362,7,100563486,159233511,0.026337
OEAC_005_EU_EX_5362,8,232862,70600461,-0.056128
OEAC_005_EU_EX_5362,8,70607785,145054407,0.097264
OEAC_005_EU_EX_5362,9,154481,33303547,-0.070193
OEAC_005_EU_EX_5362,9,33306950,76096328,0.148133
OEAC_005_EU_EX_5362,9,76106969,90614102,-0.051308
OEAC_005_EU_EX_5362,9,90843682,138177557,0.086548
OEAC_005_EU_EX_5362,10,48933,133659862,0.006403
OEAC_005_EU_EX_5362,11,193507,134987037,0.002473
OEAC_005_EU_EX_5362,12,66645,133234686,0.071513
OEAC_005_EU_EX_5362,13,18266986,55174796,0.297405
OEAC_005_EU_EX_5362,13,57632291,114326577,0.108795
OEAC_005_EU_EX_5362,14,19733131,106875198,-0.001673
OEAC_005_EU_EX_5362,15,19964484,101849792,-0.015907
OEAC_005_EU_EX_5362,16,31454,90095084,-0.047686
OEAC_005_EU_EX_5362,17,137293,14780022,-0.094131
OEAC_005_EU_EX_5362,17,15230586,19557862,0.305002
OEAC_005_EU_EX_5362,17,19559978,58371367,0.117627
OEAC_005_EU_EX_5362,17,58415037,59353623,1.295048
OEAC_005_EU_EX_5362,17,59353624,60709628,0.772413
OEAC_005_EU_EX_5362,17,60746894,62944560,1.304969
OEAC_005_EU_EX_5362,17,63009275,83136106,-0.044491
OEAC_005_EU_EX_5362,18,116595,80247644,-0.028597
OEAC_005_EU_EX_5362,19,281162,9252342,-0.117988
OEAC_005_EU_EX_5362,19,9295327,21294046,0.329858
OEAC_005_EU_EX_5362,19,21294225,58572884,0.017452
OEAC_005_EU_EX_5362,20,87369,28565677,0.024394
OEAC_005_EU_EX_5362,20,28581677,64273515,0.394964
OEAC_005_EU_EX_5362,21,5033165,46664692,-0.053108
OEAC_005_EU_EX_5362,22,10752512,50781015,0.032675
OEAC_005_EU_EX_5362,X,283933,121371398,-0.029065
OEAC_005_EU_EX_5362,X,122242015,156005768,0.331325
OEAC_005_EU_EX_5362,Y,2786786,26348817,-0.004308
OEAC_005_NN_EX_5337,1,785752,248918674,0.000369
OEAC_005_NN_EX_5337,2,41210,242095317,0.000348
OEAC_005_NN_EX_5337,3,197418,198038957,0.000547
OEAC_005_NN_EX_5337,4,53095,190026578,0.00055
OEAC_005_NN_EX_5337,5,140020,181261096,0.000465
OEAC_005_NN_EX_5337,6,203139,170583996,4.6e-05
OEAC_005_NN_EX_5337,7,192971,159233511,0.000552
OEAC_005_NN_EX_5337,8,232862,145054407,0.000484
OEAC_005_NN_EX_5337,9,154481,138177557,0.000597
OEAC_005_NN_EX_5337,10,48933,133659862,0.000445
OEAC_005_NN_EX_5337,11,193507,134987037,0.000443
OEAC_005_NN_EX_5337,12,66645,133234686,0.000247
OEAC_005_NN_EX_5337,13,18266986,114326577,0.000537
OEAC_005_NN_EX_5337,14,19733131,106875198,0.000421
OEAC_005_NN_EX_5337,15,19964484,101849792,0.0003
OEAC_005_NN_EX_5337,16,31454,90095084,0.000758
OEAC_005_NN_EX_5337,17,137293,83136106,0.000198
OEAC_005_NN_EX_5337,18,116595,80247644,0.000504
OEAC_005_NN_EX_5337,19,281162,58572884,-0.000245
OEAC_005_NN_EX_5337,20,87369,64273515,0.0002
OEAC_005_NN_EX_5337,21,5033165,46664692,0.000455
OEAC_005_NN_EX_5337,22,10752512,50781015,0.000634
OEAC_005_NN_EX_5337,X,283933,156005768,0.000754
OEAC_005_NN_EX_5337,Y,2786786,26348817,0.013499
OEAC_005_OU_EX_5318,1,785752,115977030,-0.320837
OEAC_005_OU_EX_5318,1,115991844,198859388,0.094527
OEAC_005_OU_EX_5318,1,200027474,248918674,0.381665
OEAC_005_OU_EX_5318,2,41210,242095317,0.289729
OEAC_005_OU_EX_5318,3,197418,60913054,-0.347258
OEAC_005_OU_EX_5318,3,61561954,126733442,0.061372
OEAC_005_OU_EX_5318,3,126780053,173808056,-0.339461
OEAC_005_OU_EX_5318,3,174275056,198038957,0.651663
OEAC_005_OU_EX_5318,4,53095,13372252,-0.375677
OEAC_005_OU_EX_5318,4,13376191,172348918,-0.922336
OEAC_005_OU_EX_5318,4,172809081,190026578,-0.397503
OEAC_005_OU_EX_5318,5,140020,181261096,0.048685
OEAC_005_OU_EX_5318,6,203139,91522022,0.083646
OEAC_005_OU_EX_5318,6,93243071,170583996,-0.352902
OEAC_005_OU_EX_5318,7,192971,84194853,0.619393
OEAC_005_OU_EX_5318,7,84999173,90984509,-0.353886
OEAC_005_OU_EX_5318,7,91045593,100494153,0.667954
OEAC_005_OU_EX_5318,7,100539163,159233511,-0.358238
OEAC_005_OU_EX_5318,8,232862,145054407,0.055292
OEAC_005_OU_EX_5318,9,154481,33307657,-0.377349
OEAC_005_OU_EX_5318,9,33310751,75147069,0.589555
OEAC_005_OU_EX_5318,9,75890983,90023887,-0.515854
OEAC_005_OU_EX_5318,9,90612999,138177557,0.503339
OEAC_005_OU_EX_5318,10,48933,133659862,0.056372
OEAC_005_OU_EX_5318,11,193507,134987037,0.064942
OEAC_005_OU_EX_5318,12,66645,133234686,0.079345
OEAC_005_OU_EX_5318,13,18266986,63172048,0.147683
OEAC_005_OU_EX_5318,13,65966173,114326577,0.303983
OEAC_005_OU_EX_5318,14,19733131,106875198,-0.455418
OEAC_005_OU_EX_5318,15,19964484,29706035,-0.669872
OEAC_005_OU_EX_5318,15,29708355,101849792,-0.451666
OEAC_005_OU_EX_5318,16,31454,90095084,0.024416
OEAC_005_OU_EX_5318,17,137293,9947343,-0.328859
OEAC_005_OU_EX_5318,17,9958944,10825905,0.496239
OEAC_005_OU_EX_5318,17,11241612,14780022,-0.497332
OEAC_005_OU_EX_5318,17,15230586,19560785,1.173695
OEAC_005_OU_EX_5318,17,19566457,20590631,0.572614
OEAC_005_OU_EX_5318,17,20698546,22299969,-0.499418
OEAC_005_OU_EX_5318,17,22567192,58371367,0.629144
OEAC_005_OU_EX_5318,17,58415037,59275495,2.886576
OEAC_005_OU_EX_5318,17,59353168,60808359,2.242681
OEAC_005_OU_EX_5318,17,60868316,62944560,2.929008
OEAC_005_OU_EX_5318,17,63009275,83136106,-0.332721
OEAC_005_OU_EX_5318,18,116595,20960051,-0.388716
OEAC_005_OU_EX_5318,18,20960052,24171805,-0.120553
OEAC_005_OU_EX_5318,18,24172094,80247644,-0.374485
OEAC_005_OU_EX_5318,19,281162,49981356,0.066599
OEAC_005_OU_EX_5318,19,49981838,58572884,-0.015193
OEAC_005_OU_EX_5318,20,87369,28565677,0.271221
OEAC_005_OU_EX_5318,20,28581677,62388703,0.849535
OEAC_005_OU_EX_5318,20,62390704,64273515,0.605311
OEAC_005_OU_EX_5318,21,5033165,10718836,-0.439173
OEAC_005_OU_EX_5318,21,13372736,21534968,-29.819589
OEAC_005_OU_EX_5318,21,21537609,46664692,-0.370982
OEAC_005_OU_EX_5318,22,10752512,37519417,0.056507
OEAC_005_OU_EX_5318,22,37566133,37741372,1.202769
OEAC_005_OU_EX_5318,22,37750284,50781015,0.081612
OEAC_005_OU_EX_5318,X,283933,2775079,-0.49063
OEAC_005_OU_EX_5318,X,2781702,121371398,-0.97089
OEAC_005_OU_EX_5318,X,122242015,126821478,-0.219143
OEAC_005_OU_EX_5318,X,126821479,143509400,0.310815
OEAC_005_OU_EX_5318,X,143517037,156005768,0.706271
OEAC_005_OU_EX_5318,Y,2786786,26348817,0.113748
OEAC_006_EU_EX_0345,1,785752,33375765,-0.46216
OEAC_006_EU_EX_0345,1,33478957,55097381,-0.310237
OEAC_006_EU_EX_0345,1,55097382,119514830,-0.085035
OEAC_006_EU_EX_0345,1,119622485,120642034,0.47488
OEAC_006_EU_EX_0345,1,120724149,120793615,1.257502
OEAC_006_EU_EX_0345,1,120793616,152084495,-0.214872
OEAC_006_EU_EX_0345,1,152084666,153534968,0.238344
OEAC_006_EU_EX_0345,1,153534969,157125582,-0.374084
OEAC_006_EU_EX_0345,1,157125583,159814628,0.240356
OEAC_006_EU_EX_0345,1,159815182,161595980,-0.180795
OEAC_006_EU_EX_0345,1,161599367,200369125,0.121695
OEAC_006_EU_EX_0345,1,200372708,215648032,-0.153284
OEAC_006_EU_EX_0345,1,215648241,248918674,0.060723
OEAC_006_EU_EX_0345,2,41210,136115680,-0.104886
OEAC_006_EU_EX_0345,2,136115681,215064444,-0.012455
OEAC_006_EU_EX_0345,2,215075192,219550084,-0.407816
OEAC_006_EU_EX_0345,2,219550471,229769593,-0.016446
OEAC_006_EU_EX_0345,2,229771189,242095317,-0.245371
OEAC_006_EU_EX_0345,3,197418,2927629,0.355452
OEAC_006_EU_EX_0345,3,2988095,17963008,-0.208621
OEAC_006_EU_EX_0345,3,18013328,46834319,-0.060785
OEAC_006_EU_EX_0345,3,46857992,53502079,-0.465795
OEAC_006_EU_EX_0345,3,53650520,58534765,-0.195678
OEAC_006_EU_EX_0345,3,58534766,122929435,0.189877
OEAC_006_EU_EX_0345,3,122939068,129670624,-0.104989
OEAC_006_EU_EX_0345,3,129670625,183216371,0.114414
OEAC_006_EU_EX_0345,3,183219598,184580136,-0.239612
OEAC_006_EU_EX_0345,3,184580137,193668807,0.115256
OEAC_006_EU_EX_0345,3,193691799,198038957,-0.173886
OEAC_006_EU_EX_0345,4,53095,8471182,-0.326105
OEAC_006_EU_EX_0345,4,8471183,190026578,-0.016476
OEAC_006_EU_EX_0345,5,140020,140706008,-0.076258
OEAC_006_EU_EX_0345,5,140786022,141433024,0.324245
OEAC_006_EU_EX_0345,5,141433025,171296327,0.002366
OEAC_006_EU_EX_0345,5,171298425,181261096,-0.326157
OEAC_006_EU_EX_0345,6,203139,30345862,-0.053118
OEAC_006_EU_EX_0345,6,30346092,32204679,-0.567874
OEAC_006_EU_EX_0345,6,32210551,37534620,-0.358891
OEAC_006_EU_EX_0345,6,37534621,41236456,0.018001
OEAC_006_EU_EX_0345,6,41236457,44343291,-0.401085
OEAC_006_EU_EX_0345,6,44343292,73406070,0.201851
OEAC_006_EU_EX_0345,6,73406071,147729953,0.033269
OEAC_006_EU_EX_0345,6,147729954,170583996,-0.102875
OEAC_006_EU_EX_0345,7,192971,6623232,-0.201748
OEAC_006_EU_EX_0345,7,6673454,65210026,0.112066
OEAC_006_EU_EX_0345,7,65373734,76503833,-0.381919
OEAC_006_EU_EX_0345,7,76505077,97734537,-0.008085
OEAC_006_EU_EX_0345,7,97734538,102678782,-0.465671
OEAC_006_EU_EX_0345,7,102703066,148267383,-0.072145
OEAC_006_EU_EX_0345,7,148383378,159233511,-0.283239
OEAC_006_EU_EX_0345,8,232862,48921520,-0.060963
OEAC_006_EU_EX_0345,8,49072478,140024400,0.192209
OEAC_006_EU_EX_0345,8,140221143,145054407,-0.096857
OEAC_006_EU_EX_0345,9,154481,83712918,-0.036756
OEAC_006_EU_EX_0345,9,83712919,97038268,-0.236349
OEAC_006_EU_EX_0345,9,97121701,125966231,0.080512
OEAC_006_EU_EX_0345,9,126334992,138177557,-0.301064
OEAC_006_EU_EX_0345,10,48933,15517568,-0.106125
OEAC_006_EU_EX_0345,10,15518966,68355675,0.057745
OEAC_006_EU_EX_0345,10,68363262,74078037,-0.239173
OEAC_006_EU_EX_0345,10,74082148,100991249,-0.061953
OEAC_006_EU_EX_0345,10,100992953,103801704,-0.3354
OEAC_006_EU_EX_0345,10,103854917,133659862,-0.037606
OEAC_006_EU_EX_0345,11,193507,4102448,-0.296336
OEAC_006_EU_EX_0345,11,4105896,6271774,0.226066
OEAC_006_EU_EX_0345,11,6318832,21371259,-0.076412
OEAC_006_EU_EX_0345,11,21534059,44275416,0.26481
OEAC_006_EU_EX_0345,11,44275417,47587093,-0.219703
OEAC_006_EU_EX_0345,11,47587374,60743695,0.30482
OEAC_006_EU_EX_0345,11,60743696,67643185,-0.269173
OEAC_006_EU_EX_0345,11,67644484,116757488,-0.028587
OEAC_006_EU_EX_0345,11,116757489,119382245,-0.44763
OEAC_006_EU_EX_0345,11,119394712,134987037,-0.104457
OEAC_006_EU_EX_0345,12,66645,6123570,-0.021798
OEAC_006_EU_EX_0345,12,6200200,7192029,-0.435174
OEAC_006_EU_EX_0345,12,7198700,47679637,0.138925
OEAC_006_EU_EX_0345,12,47679638,53227787,-0.379653
OEAC_006_EU_EX_0345,12,53251462,57957123,0.127965
OEAC_006_EU_EX_0345,12,58802988,67313050,0.979488
OEAC_006_EU_EX_0345,12,67648806,69348874,2.280741
OEAC_006_EU_EX_0345,12,69349846,88050796,0.094422
OEAC_006_EU_EX_0345,12,88053323,108292505,-0.097473
OEAC_006_EU_EX_0345,12,108292506,133234686,-0.359767
OEAC_006_EU_EX_0345,13,18266986,109786315,0.097042
OEAC_006_EU_EX_0345,13,110148862,114326577,-0.167626
OEAC_006_EU_EX_0345,14,19733131,21602659,-0.23074
OEAC_006_EU_EX_0345,14,21621692,22549993,0.09388
OEAC_006_EU_EX_0345,14,22550237,24443136,-0.447536
OEAC_006_EU_EX_0345,14,24501325,101562697,-0.170968
OEAC_006_EU_EX_0345,14,101730117,106875198,-0.331811
OEAC_006_EU_EX_0345,15,19964484,40210470,0.071386
OEAC_006_EU_EX_0345,15,40212161,45691385,-0.170388
OEAC_006_EU_EX_0345,15,47581000,63908937,0.107694
OEAC_006_EU_EX_0345,15,63911550,101849792,-0.03407
OEAC_006_EU_EX_0345,16,31454,16263452,-0.254652
OEAC_006_EU_EX_0345,16,16365001,56591186,-0.089276
OEAC_006_EU_EX_0345,16,56608377,70810269,-0.429124
OEAC_006_EU_EX_0345,16,70818125,83917716,-0.15443
OEAC_006_EU_EX_0345,16,83948701,90095084,-0.510833
OEAC_006_EU_EX_0345,17,137293,7006566,-0.49099
OEAC_006_EU_EX_0345,17,7009503,8378037,-0.726855
OEAC_006_EU_EX_0345,17,8379657,12980439,-0.076716
OEAC_006_EU_EX_0345,17,12984335,40565698,-0.299207
OEAC_006_EU_EX_0345,17,40628449,41611767,-0.0491
OEAC_006_EU_EX_0345,17,41612206,51273758,-0.3948
OEAC_006_EU_EX_0345,17,51275572,72123959,-0.130021
OEAC_006_EU_EX_0345,17,72123960,83136106,-0.395421
OEAC_006_EU_EX_0345,18,116595,46084568,0.040143
OEAC_006_EU_EX_0345,18,46084569,80247644,-0.190717
OEAC_006_EU_EX_0345,19,281162,2137423,-0.134133
OEAC_006_EU_EX_0345,19,2137450,6750822,-0.572705
OEAC_006_EU_EX_0345,19,6750823,9993552,-0.31524
OEAC_006_EU_EX_0345,19,9993553,10869584,-0.633628
OEAC_006_EU_EX_0345,19,10904628,12528980,-0.225313
OEAC_006_EU_EX_0345,19,12548526,14518491,-0.678325
OEAC_006_EU_EX_0345,19,14529276,16035229,-0.154977
OEAC_006_EU_EX_0345,19,16035232,19654384,-0.588489
OEAC_006_EU_EX_0345,19,19654385,36195458,-0.148892
OEAC_006_EU_EX_0345,19,36201703,38101547,0.165131
OEAC_006_EU_EX_0345,19,38106177,43772462,-0.200665
OEAC_006_EU_EX_0345,19,43773918,44613808,0.220753
OEAC_006_EU_EX_0345,19,44613809,50001154,-0.365414
OEAC_006_EU_EX_0345,19,50007309,58572884,-0.010688
OEAC_006_EU_EX_0345,20,87369,3912866,-0.30562
OEAC_006_EU_EX_0345,20,3916602,41358150,-0.119233
OEAC_006_EU_EX_0345,20,41358151,45750292,0.18739
OEAC_006_EU_EX_0345,20,45774141,51607871,-0.126519
OEAC_006_EU_EX_0345,20,51608178,54650852,0.67751
OEAC_006_EU_EX_0345,20,55998274,64273515,0.135482
OEAC_006_EU_EX_0345,21,5033165,31124994,0.028394
OEAC_006_EU_EX_0345,21,31126696,41836963,-0.20231
OEAC_006_EU_EX_0345,21,41837703,46664692,-0.406637
OEAC_006_EU_EX_0345,22,10752512,50781015,-0.475767
OEAC_006_EU_EX_0345,X,283933,47169736,0.179677
OEAC_006_EU_EX_0345,X,47170721,49256078,-0.167025
OEAC_006_EU_EX_0345,X,49256444,152700865,0.232354
OEAC_006_EU_EX_0345,X,152700866,156005768,-0.167525
OEAC_006_EU_EX_0345,Y,2786786,26348817,-0.07391
OEAC_006_NN_EX_0376,1,785752,248918674,-0.000218
OEAC_006_NN_EX_0376,2,41210,242095317,-0.000596
OEAC_006_NN_EX_0376,3,197418,198038957,-0.000388
OEAC_006_NN_EX_0376,4,53095,190026578,-0.001034
OEAC_006_NN_EX_0376,5,140020,181261096,-0.000472
OEAC_006_NN_EX_0376,6,203139,170583996,-0.000632
OEAC_006_NN_EX_0376,7,192971,159233511,-0.00051
OEAC_006_NN_EX_0376,8,232862,145054407,-0.000631
OEAC_006_NN_EX_0376,9,154481,138177557,-8.2e-05
OEAC_006_NN_EX_0376,10,48933,133659862,-0.000506
OEAC_006_NN_EX_0376,11,193507,134987037,0.0
OEAC_006_NN_EX_0376,12,66645,133234686,-0.000463
OEAC_006_NN_EX_0376,13,18266986,114326577,-0.001124
OEAC_006_NN_EX_0376,14,19733131,106875198,-0.000533
OEAC_006_NN_EX_0376,15,19964484,101849792,-0.000111
OEAC_006_NN_EX_0376,16,31454,90095084,-7.5e-05
OEAC_006_NN_EX_0376,17,137293,83136106,-5.7e-05
OEAC_006_NN_EX_0376,18,116595,80247644,-0.000796
OEAC_006_NN_EX_0376,19,281162,58572884,-0.000394
OEAC_006_NN_EX_0376,20,87369,64273515,0.000124
OEAC_006_NN_EX_0376,21,5033165,46664692,-0.000357
OEAC_006_NN_EX_0376,22,10752512,50781015,0.000491
OEAC_006_NN_EX_0376,X,283933,156005768,-0.000165
OEAC_006_NN_EX_0376,Y,2786786,26348817,0.001655
OEAC_006_OU_EX_0389,1,785752,24181085,-0.392938
OEAC_006_OU_EX_0389,1,24319154,24605975,0.612394
OEAC_006_OU_EX_0389,1,24643045,48472275,-0.370585
OEAC_006_OU_EX_0389,1,48533789,50048529,-1.388956
OEAC_006_OU_EX_0389,1,50103696,119514830,-0.329234
OEAC_006_OU_EX_0389,1,119622485,121569114,0.609697
OEAC_006_OU_EX_0389,1,143385708,154870489,0.206754
OEAC_006_OU_EX_0389,1,154924840,155140563,0.92736
OEAC_006_OU_EX_0389,1,155169197,205619391,0.204925
OEAC_006_OU_EX_0389,1,205619552,220696963,-0.360023
OEAC_006_OU_EX_0389,1,220753972,248918674,0.226893
OEAC_006_OU_EX_0389,2,41210,91578799,0.221132
OEAC_006_OU_EX_0389,2,91736797,242095317,-0.348644
OEAC_006_OU_EX_0389,3,197418,1403756,0.216322
OEAC_006_OU_EX_0389,3,2571171,4983996,-0.36322
OEAC_006_OU_EX_0389,3,5122074,8258296,0.255473
OEAC_006_OU_EX_0389,3,8501666,36529237,-0.35678
OEAC_006_OU_EX_0389,3,36545844,41463530,0.19703
OEAC_006_OU_EX_0389,3,41565765,63278968,-0.36177
OEAC_006_OU_EX_0389,3,63443156,198038957,0.616736
OEAC_006_OU_EX_0389,4,53095,190026578,-0.337354
OEAC_006_OU_EX_0389,5,140020,130186042,-0.33613
OEAC_006_OU_EX_0389,5,131159302,175685876,0.209336
OEAC_006_OU_EX_0389,5,175878439,181261096,-0.380039
OEAC_006_OU_EX_0389,6,203139,57961320,-0.365502
OEAC_006_OU_EX_0389,6,60281162,65495671,0.664131
OEAC_006_OU_EX_0389,6,67888842,170583996,-0.335676
OEAC_006_OU_EX_0389,7,192971,67320464,0.616328
OEAC_006_OU_EX_0389,7,69599462,159233511,-0.354424
OEAC_006_OU_EX_0389,8,232862,38281861,-0.372576
OEAC_006_OU_EX_0389,8,38288229,39129760,0.600621
OEAC_006_OU_EX_0389,8,39130525,145054407,0.212175
OEAC_006_OU_EX_0389,9,154481,32421346,-1.332883
OEAC_006_OU_EX_0389,9,32423068,37306011,0.835342
OEAC_006_OU_EX_0389,9,37327430,37888840,0.121434
OEAC_006_OU_EX_0389,9,37919620,41215455,-1.355024
OEAC_006_OU_EX_0389,9,41236537,97038268,-0.36178
OEAC_006_OU_EX_0389,9,97121701,138177557,0.550607
OEAC_006_OU_EX_0389,10,48933,133659862,0.189656
OEAC_006_OU_EX_0389,11,193507,47499890,0.194906
OEAC_006_OU_EX_0389,11,47565414,48218013,0.931671
OEAC_006_OU_EX_0389,11,48244785,79422484,0.597707
OEAC_006_OU_EX_0389,11,81890453,125997640,-0.367159
OEAC_006_OU_EX_0389,11,126001486,127004077,0.5865
OEAC_006_OU_EX_0389,11,127098268,134987037,-0.386765
OEAC_006_OU_EX_0389,12,66645,34029986,0.21652
OEAC_006_OU_EX_0389,12,38316615,53227787,-0.35172
OEAC_006_OU_EX_0389,12,53251462,59779908,1.197156
OEAC_006_OU_EX_0389,12,61710011,67313050,1.938855
OEAC_006_OU_EX_0389,12,67648806,69350536,3.484669
OEAC_006_OU_EX_0389,12,69351927,103306568,0.183428
OEAC_006_OU_EX_0389,12,103367804,133234686,-0.373152
OEAC_006_OU_EX_0389,13,18266986,40729857,0.098094
OEAC_006_OU_EX_0389,13,40748996,41761516,0.451022
OEAC_006_OU_EX_0389,13,41777688,114326577,0.092066
OEAC_006_OU_EX_0389,14,19733131,106875198,-0.348714
OEAC_006_OU_EX_0389,15,19964484,23039876,0.772839
OEAC_006_OU_EX_0389,15,23310614,101849792,0.139459
OEAC_006_OU_EX_0389,16,31454,28723819,0.107716
OEAC_006_OU_EX_0389,16,28822999,29745236,1.190623
OEAC_006_OU_EX_0389,16,29778890,30343477,0.77794
OEAC_006_OU_EX_0389,16,30352766,34268550,0.466469
OEAC_006_OU_EX_0389,16,35081962,90095084,-0.381301
OEAC_006_OU_EX_0389,17,137293,21783164,-0.387656
OEAC_006_OU_EX_0389,17,22061672,83136106,0.205861
OEAC_006_OU_EX_0389,18,116595,24477747,0.624102
OEAC_006_OU_EX_0389,18,25062369,80247644,-0.36948
OEAC_006_OU_EX_0389,19,281162,1535523,0.585844
OEAC_006_OU_EX_0389,19,1555052,2151266,0.19925
OEAC_006_OU_EX_0389,19,2163930,7268164,-0.406217
OEAC_006_OU_EX_0389,19,7362519,7769285,0.141024
OEAC_006_OU_EX_0389,19,7846317,10869584,-0.369089
OEAC_006_OU_EX_0389,19,10904628,11467090,0.157239
OEAC_006_OU_EX_0389,19,11480245,12015589,0.687519
OEAC_006_OU_EX_0389,19,12015590,15023329,-0.378516
OEAC_006_OU_EX_0389,19,15051913,16036240,0.171876
OEAC_006_OU_EX_0389,19,16067386,24162569,-0.390538
OEAC_006_OU_EX_0389,19,29075906,58572884,0.577166
OEAC_006_OU_EX_0389,20,87369,30815669,-0.373991
OEAC_006_OU_EX_0389,20,31257363,44160661,0.595571
OEAC_006_OU_EX_0389,20,44177590,44727746,1.569158
OEAC_006_OU_EX_0389,20,44745637,51607871,0.601262
OEAC_006_OU_EX_0389,20,51608178,52192012,1.56901
OEAC_006_OU_EX_0389,20,52972945,54650852,2.133545
OEAC_006_OU_EX_0389,20,55998274,61845046,0.593572
OEAC_006_OU_EX_0389,20,61852492,62841044,1.582585
OEAC_006_OU_EX_0389,20,62841728,63472665,0.570008
OEAC_006_OU_EX_0389,20,63488046,64273515,1.544184
OEAC_006_OU_EX_0389,21,5033165,46664692,-0.375232
OEAC_006_OU_EX_0389,22,10752512,50781015,-0.384158
OEAC_006_OU_EX_0389,X,283933,156005768,0.612739
OEAC_006_OU_EX_0389,Y,2786786,26348817,0.455086
OEAC_007_EU_EX_0316,1,785752,16764447,-0.109216
OEAC_007_EU_EX_0316,1,16870767,17119628,0.633577
OEAC_007_EU_EX_0316,1,17204936,19771698,-0.173577
OEAC_007_EU_EX_0316,1,19780257,20354558,0.621349
OEAC_007_EU_EX_0316,1,20483306,31645232,-0.146457
OEAC_007_EU_EX_0316,1,31652340,31694468,0.648191
OEAC_007_EU_EX_0316,1,31694896,32485679,-0.167608
OEAC_007_EU_EX_0316,1,32535938,32898591,0.566014
OEAC_007_EU_EX_0316,1,32900819,109665288,-0.170521
OEAC_007_EU_EX_0316,1,109667741,109925544,0.68402
OEAC_007_EU_EX_0316,1,109984800,121569114,-0.176853
OEAC_007_EU_EX_0316,1,143385708,150417963,0.528068
OEAC_007_EU_EX_0316,1,150440664,150664067,1.021974
OEAC_007_EU_EX_0316,1,150693869,153564136,0.543271
OEAC_007_EU_EX_0316,1,153607299,153828628,1.025516
OEAC_007_EU_EX_0316,1,153929976,156483572,0.565038
OEAC_007_EU_EX_0316,1,156526174,156817096,1.07496
OEAC_007_EU_EX_0316,1,156840579,179865469,0.511977
OEAC_007_EU_EX_0316,1,179882221,180274818,-0.195246
OEAC_007_EU_EX_0316,1,180288049,205523940,0.531765
OEAC_007_EU_EX_0316,1,205523941,206558021,-0.241096
OEAC_007_EU_EX_0316,1,206582915,248918674,0.526307
OEAC_007_EU_EX_0316,2,41210,54382227,0.496519
OEAC_007_EU_EX_0316,2,54526100,54668871,-0.173302
OEAC_007_EU_EX_0316,2,54724866,85327727,0.528391
OEAC_007_EU_EX_0316,2,85327728,85561819,1.043453
OEAC_007_EU_EX_0316,2,85577320,112332746,0.538197
OEAC_007_EU_EX_0316,2,112482094,157544841,-0.196219
OEAC_007_EU_EX_0316,2,157549937,181062950,0.54841
OEAC_007_EU_EX_0316,2,181305280,192194745,0.103896
OEAC_007_EU_EX_0316,2,195679794,230186364,0.44453
OEAC_007_EU_EX_0316,2,230200552,233673080,-0.13336
OEAC_007_EU_EX_0316,2,233681623,233854854,0.590942
OEAC_007_EU_EX_0316,2,233865841,242095317,-0.152324
OEAC_007_EU_EX_0316,3,197418,49999820,-0.179794
OEAC_007_EU_EX_0316,3,50047952,50476482,0.743465
OEAC_007_EU_EX_0316,3,50558461,52459045,-0.171586
OEAC_007_EU_EX_0316,3,52470484,52969493,1.05709
OEAC_007_EU_EX_0316,3,53091642,108445131,-0.188005
OEAC_007_EU_EX_0316,3,108453677,128651026,0.505151
OEAC_007_EU_EX_0316,3,128795041,198038957,-0.164745
OEAC_007_EU_EX_0316,4,53095,25019557,-0.048269
OEAC_007_EU_EX_0316,4,25024472,150841394,-0.171324
OEAC_007_EU_EX_0316,4,150843790,151291767,0.583824
OEAC_007_EU_EX_0316,4,151565988,190026578,-0.169674
OEAC_007_EU_EX_0316,5,140020,45263053,0.535513
OEAC_007_EU_EX_0316,5,45266827,132420292,-0.160644
OEAC_007_EU_EX_0316,5,132449350,132737109,0.659427
OEAC_007_EU_EX_0316,5,132737121,181261096,-0.150426
OEAC_007_EU_EX_0316,6,203139,33801455,-0.162321
OEAC_007_EU_EX_0316,6,33999703,38770891,0.165722
OEAC_007_EU_EX_0316,6,38775540,39420267,0.768597
OEAC_007_EU_EX_0316,6,39430799,43553739,0.213929
OEAC_007_EU_EX_0316,6,43555576,48068918,1.086186
OEAC_007_EU_EX_0316,6,49431480,105167022,0.174343
OEAC_007_EU_EX_0316,6,105277925,170583996,-0.102239
OEAC_007_EU_EX_0316,7,192971,28570776,-0.132269
OEAC_007_EU_EX_0316,7,28633740,43888109,0.515756
OEAC_007_EU_EX_0316,7,43926232,44228893,1.069858
OEAC_007_EU_EX_0316,7,44228894,89218617,0.578804
OEAC_007_EU_EX_0316,7,89327111,100234002,0.787834
OEAC_007_EU_EX_0316,7,100319345,100992831,-0.104625
OEAC_007_EU_EX_0316,7,101004350,101058315,0.588709
OEAC_007_EU_EX_0316,7,101087086,159233511,-0.17234
OEAC_007_EU_EX_0316,8,232862,94872241,-0.177371
OEAC_007_EU_EX_0316,8,94873102,120811789,0.570252
OEAC_007_EU_EX_0316,8,121613718,128150514,1.051976
OEAC_007_EU_EX_0316,8,129483734,142682836,0.501921
OEAC_007_EU_EX_0316,8,142700151,145054407,0.669297
OEAC_007_EU_EX_0316,9,154481,5833325,-0.217734
OEAC_007_EU_EX_0316,9,5892135,7800046,0.536753
OEAC_007_EU_EX_0316,9,8317522,127950779,-0.163613
OEAC_007_EU_EX_0316,9,127953177,128153424,0.743393
OEAC_007_EU_EX_0316,9,128160155,136823916,-0.086875
OEAC_007_EU_EX_0316,9,136825450,137089329,0.819051
OEAC_007_EU_EX_0316,9,137095917,138177557,-0.003183
OEAC_007_EU_EX_0316,10,48933,5219042,-0.202377
OEAC_007_EU_EX_0316,10,5373441,5863029,0.592834
OEAC_007_EU_EX_0316,10,5877801,31826718,-0.1945
OEAC_007_EU_EX_0316,10,31831445,32294057,0.592537
OEAC_007_EU_EX_0316,10,32305536,99407158,-0.178902
OEAC_007_EU_EX_0316,10,99420412,99756094,0.573346
OEAC_007_EU_EX_0316,10,99782502,133659862,-0.153413
OEAC_007_EU_EX_0316,11,193507,404839,-0.03645
OEAC_007_EU_EX_0316,11,405614,710766,0.761889
OEAC_007_EU_EX_0316,11,719761,3229123,-0.076571
OEAC_007_EU_EX_0316,11,3339522,59516097,-0.18345
OEAC_007_EU_EX_0316,11,59576302,59810923,0.591919
OEAC_007_EU_EX_0316,11,59829203,67228506,-0.118503
OEAC_007_EU_EX_0316,11,67231288,67523603,1.089558
OEAC_007_EU_EX_0316,11,67583469,74074875,-0.150668
OEAC_007_EU_EX_0316,11,74077911,75006744,1.058372
OEAC_007_EU_EX_0316,11,75088457,85599034,-0.143679
OEAC_007_EU_EX_0316,11,85628344,86069067,0.626474
OEAC_007_EU_EX_0316,11,86244973,127099713,-0.161556
OEAC_007_EU_EX_0316,11,128462176,134987037,-0.007454
OEAC_007_EU_EX_0316,12,66645,121808658,-0.16114
OEAC_007_EU_EX_0316,12,121809301,133234686,0.579532
OEAC_007_EU_EX_0316,13,18266986,114326577,0.509771
OEAC_007_EU_EX_0316,14,19733131,67734149,-0.172753
OEAC_007_EU_EX_0316,14,67748245,67887456,-1.790999
OEAC_007_EU_EX_0316,14,68291555,73726410,-0.155425
OEAC_007_EU_EX_0316,14,73726411,74303279,0.594929
OEAC_007_EU_EX_0316,14,74356533,106875198,-0.18425
OEAC_007_EU_EX_0316,15,19964484,101849792,-0.143639
OEAC_007_EU_EX_0316,16,31454,237558,1.091973
OEAC_007_EU_EX_0316,16,254153,90095084,-0.139013
OEAC_007_EU_EX_0316,17,137293,27550942,-0.162649
OEAC_007_EU_EX_0316,17,27560133,28277268,0.483073
OEAC_007_EU_EX_0316,17,28305820,29167158,1.108457
OEAC_007_EU_EX_0316,17,29246468,47745659,-0.150101
OEAC_007_EU_EX_0316,17,47808092,48121749,0.603219
OEAC_007_EU_EX_0316,17,48136894,75737899,-0.153756
OEAC_007_EU_EX_0316,17,75739284,76014794,0.666705
OEAC_007_EU_EX_0316,17,76014795,78800109,-0.131979
OEAC_007_EU_EX_0316,17,78803067,79091180,0.646431
OEAC_007_EU_EX_0316,17,79092335,83136106,-0.017613
OEAC_007_EU_EX_0316,18,116595,23612549,0.93951
OEAC_007_EU_EX_0316,18,23617384,24333306,1.280327
OEAC_007_EU_EX_0316,18,24333993,54378549,0.603101
OEAC_007_EU_EX_0316,18,54587492,80247644,0.365104
OEAC_007_EU_EX_0316,19,281162,2228254,-0.011948
OEAC_007_EU_EX_0316,19,2228255,44387031,-0.144373
OEAC_007_EU_EX_0316,19,44387032,48719296,-0.05307
OEAC_007_EU_EX_0316,19,48720494,48936511,0.710898
OEAC_007_EU_EX_0316,19,48939201,49351293,-0.034885
OEAC_007_EU_EX_0316,19,49354882,49647028,0.728486
OEAC_007_EU_EX_0316,19,49650569,58572884,-0.139065
OEAC_007_EU_EX_0316,20,87369,766048,1.083314
OEAC_007_EU_EX_0316,20,844600,64273515,0.560953
OEAC_007_EU_EX_0316,21,5033165,46664692,-0.177119
OEAC_007_EU_EX_0316,22,10752512,24134749,-0.180229
OEAC_007_EU_EX_0316,22,24164120,24939838,0.582381
OEAC_007_EU_EX_0316,22,25027678,49657439,-0.163741
OEAC_007_EU_EX_0316,22,49774029,50781015,0.634898
OEAC_007_EU_EX_0316,X,283933,2770887,0.109223
OEAC_007_EU_EX_0316,X,2774430,41232844,0.504016
OEAC_007_EU_EX_0316,X,41333908,41671775,1.428057
OEAC_007_EU_EX_0316,X,41695360,129829467,0.504787
OEAC_007_EU_EX_0316,X,129841490,132413809,1.327205
OEAC_007_EU_EX_0316,X,132439145,156005768,0.505356
OEAC_007_EU_EX_0316,Y,2786786,26348817,-0.106798
OEAC_007_NN_EX_0365,1,785752,248918674,-0.000178
OEAC_007_NN_EX_0365,2,41210,242095317,-0.000532
OEAC_007_NN_EX_0365,3,197418,198038957,-0.000397
OEAC_007_NN_EX_0365,4,53095,190026578,-0.000725
OEAC_007_NN_EX_0365,5,140020,181261096,-0.000567
OEAC_007_NN_EX_0365,6,203139,170583996,-0.000616
OEAC_007_NN_EX_0365,7,192971,159233511,-0.000255
OEAC_007_NN_EX_0365,8,232862,145054407,-0.000445
OEAC_007_NN_EX_0365,9,154481,138177557,-4e-06
OEAC_007_NN_EX_0365,10,48933,133659862,-0.000312
OEAC_007_NN_EX_0365,11,193507,134987037,-3.4e-05
OEAC_007_NN_EX_0365,12,66645,133234686,-0.000359
OEAC_007_NN_EX_0365,13,18266986,114326577,-0.000776
OEAC_007_NN_EX_0365,14,19733131,106875198,-0.000328
OEAC_007_NN_EX_0365,15,19964484,101849792,-0.000178
OEAC_007_NN_EX_0365,16,31454,90095084,0.000451
OEAC_007_NN_EX_0365,17,137293,83136106,0.00022
OEAC_007_NN_EX_0365,18,116595,80247644,-0.000604
OEAC_007_NN_EX_0365,19,281162,58572884,0.000526
OEAC_007_NN_EX_0365,20,87369,64273515,0.000112
OEAC_007_NN_EX_0365,21,5033165,46664692,-0.00013
OEAC_007_NN_EX_0365,22,10752512,50781015,0.0007
OEAC_007_NN_EX_0365,X,283933,156005768,-0.000466
OEAC_007_NN_EX_0365,Y,2786786,26348817,0.00131
OEAC_007_OU_EX_0339,1,785752,16764447,-0.063622
OEAC_007_OU_EX_0339,1,16870767,17119628,0.967865
OEAC_007_OU_EX_0339,1,17204936,19771698,-0.080371
OEAC_007_OU_EX_0339,1,19780257,20354558,0.892699
OEAC_007_OU_EX_0339,1,20483306,31645232,-0.065406
OEAC_007_OU_EX_0339,1,31652340,31694468,0.963095
OEAC_007_OU_EX_0339,1,31694896,32485679,-0.060914
OEAC_007_OU_EX_0339,1,32535938,32898591,0.92336
OEAC_007_OU_EX_0339,1,32900819,36014320,-0.106274
OEAC_007_OU_EX_0339,1,36026814,36140427,0.890359
OEAC_007_OU_EX_0339,1,36148982,67052399,-0.104707
OEAC_007_OU_EX_0339,1,67052482,67220014,0.894887
OEAC_007_OU_EX_0339,1,67236380,109665288,-0.171005
OEAC_007_OU_EX_0339,1,109667741,109925544,0.97327
OEAC_007_OU_EX_0339,1,109984800,121569114,-0.133705
OEAC_007_OU_EX_0339,1,143385708,150417963,0.856367
OEAC_007_OU_EX_0339,1,150440664,150664067,1.452323
OEAC_007_OU_EX_0339,1,150693869,153564136,0.878084
OEAC_007_OU_EX_0339,1,153607299,153828628,1.478029
OEAC_007_OU_EX_0339,1,153929976,156483572,0.903231
OEAC_007_OU_EX_0339,1,156526174,156817096,1.530775
OEAC_007_OU_EX_0339,1,156840579,179865469,0.82355
OEAC_007_OU_EX_0339,1,179882221,180274818,-0.127533
OEAC_007_OU_EX_0339,1,180288049,202002047,0.817702
OEAC_007_OU_EX_0339,1,202003055,202183972,1.517495
OEAC_007_OU_EX_0339,1,202185983,205523940,0.893752
OEAC_007_OU_EX_0339,1,205523941,206558021,-0.095917
OEAC_007_OU_EX_0339,1,206582915,226251216,0.824164
OEAC_007_OU_EX_0339,1,226265248,226408253,1.426331
OEAC_007_OU_EX_0339,1,226548727,248918674,0.800877
OEAC_007_OU_EX_0339,2,41210,20225161,0.799135
OEAC_007_OU_EX_0339,2,20251297,24147338,0.59729
OEAC_007_OU_EX_0339,2,24161227,24328418,1.134405
OEAC_007_OU_EX_0339,2,24658373,27694867,0.667238
OEAC_007_OU_EX_0339,2,27707276,32392455,0.154013
OEAC_007_OU_EX_0339,2,32395235,42057977,0.430694
OEAC_007_OU_EX_0339,2,42169326,43996272,-0.094047
OEAC_007_OU_EX_0339,2,44200929,54382227,0.416068
OEAC_007_OU_EX_0339,2,54526100,54668871,-1.113489
OEAC_007_OU_EX_0339,2,54724866,80648122,0.436348
OEAC_007_OU_EX_0339,2,84290547,85328256,0.866257
OEAC_007_OU_EX_0339,2,85342909,85561819,1.465101
OEAC_007_OU_EX_0339,2,85577320,112332746,0.852476
OEAC_007_OU_EX_0339,2,112482094,157544841,-0.197937
OEAC_007_OU_EX_0339,2,157549937,200329752,0.797452
OEAC_007_OU_EX_0339,2,200350910,233673080,-0.140123
OEAC_007_OU_EX_0339,2,233681623,233854854,0.907999
OEAC_007_OU_EX_0339,2,233865841,242095317,-0.147579
OEAC_007_OU_EX_0339,3,197418,49999820,-0.124378
OEAC_007_OU_EX_0339,3,50047952,50476482,1.087507
OEAC_007_OU_EX_0339,3,50558461,52459045,-0.102415
OEAC_007_OU_EX_0339,3,52470484,52969493,1.501286
OEAC_007_OU_EX_0339,3,53091642,105367797,-0.173946
OEAC_007_OU_EX_0339,3,105519772,108445131,0.246144
OEAC_007_OU_EX_0339,3,108453677,111193651,1.019844
OEAC_007_OU_EX_0339,3,111274919,128651026,0.799718
OEAC_007_OU_EX_0339,3,128795041,185938182,-0.147156
OEAC_007_OU_EX_0339,3,186048357,186320770,0.86809
OEAC_007_OU_EX_0339,3,186538495,195579708,-0.138145
OEAC_007_OU_EX_0339,3,195618909,195984416,0.855572
OEAC_007_OU_EX_0339,3,196026849,198038957,-0.105256
OEAC_007_OU_EX_0339,4,53095,145180296,-0.16799
OEAC_007_OU_EX_0339,4,145514384,145938708,0.814714
OEAC_007_OU_EX_0339,4,146182676,150841394,-0.208289
OEAC_007_OU_EX_0339,4,150843790,151291767,0.884894
OEAC_007_OU_EX_0339,4,151565988,190026578,-0.195862
OEAC_007_OU_EX_0339,5,140020,132420292,-0.168816
OEAC_007_OU_EX_0339,5,132449350,132737109,0.899425
OEAC_007_OU_EX_0339,5,132737121,181261096,-0.143184
OEAC_007_OU_EX_0339,6,203139,3456748,0.374287
OEAC_007_OU_EX_0339,6,3723377,38770891,-0.117625
OEAC_007_OU_EX_0339,6,38775540,39420267,0.879074
OEAC_007_OU_EX_0339,6,39430799,43553739,-0.074641
OEAC_007_OU_EX_0339,6,43555576,44266000,0.978459
OEAC_007_OU_EX_0339,6,44272253,85736233,-0.179579
OEAC_007_OU_EX_0339,6,87015033,142443718,0.212401
OEAC_007_OU_EX_0339,6,142752860,170583996,-0.182363
OEAC_007_OU_EX_0339,7,192971,28570776,-0.128038
OEAC_007_OU_EX_0339,7,28633740,43888109,0.792976
OEAC_007_OU_EX_0339,7,43926232,44226872,1.481133
OEAC_007_OU_EX_0339,7,44228521,74364596,0.836724
OEAC_007_OU_EX_0339,7,74372673,74836329,1.507208
OEAC_007_OU_EX_0339,7,75007670,100234002,0.838129
OEAC_007_OU_EX_0339,7,100319345,100992831,-0.063129
OEAC_007_OU_EX_0339,7,101004350,101058315,0.902746
OEAC_007_OU_EX_0339,7,101087086,159233511,-0.130585
OEAC_007_OU_EX_0339,8,232862,18799662,-0.193867
OEAC_007_OU_EX_0339,8,18801001,19506092,0.869772
OEAC_007_OU_EX_0339,8,19598688,43192386,-0.132122
OEAC_007_OU_EX_0339,8,43192387,94872241,-0.218752
OEAC_007_OU_EX_0339,8,94873102,120811789,0.807724
OEAC_007_OU_EX_0339,8,121613718,128150514,1.401463
OEAC_007_OU_EX_0339,8,129483734,145054407,0.815273
OEAC_007_OU_EX_0339,9,154481,5833325,-0.19034
OEAC_007_OU_EX_0339,9,5892135,7800046,0.834461
OEAC_007_OU_EX_0339,9,8317522,127950779,-0.140526
OEAC_007_OU_EX_0339,9,127953177,128153424,0.993505
OEAC_007_OU_EX_0339,9,128160155,136823916,-0.081934
OEAC_007_OU_EX_0339,9,136825450,137089329,0.985719
OEAC_007_OU_EX_0339,9,137095917,138177557,-0.05664
OEAC_007_OU_EX_0339,10,48933,5219042,-0.151283
OEAC_007_OU_EX_0339,10,5373441,5863029,0.895708
OEAC_007_OU_EX_0339,10,5877801,31826718,-0.186487
OEAC_007_OU_EX_0339,10,31831445,32294057,0.907053
OEAC_007_OU_EX_0339,10,32305536,67936491,-0.196842
OEAC_007_OU_EX_0339,10,67939221,99407158,-0.116926
OEAC_007_OU_EX_0339,10,99420412,99756094,0.874313
OEAC_007_OU_EX_0339,10,99782502,133659862,-0.128555
OEAC_007_OU_EX_0339,11,193507,404839,-0.070733
OEAC_007_OU_EX_0339,11,405614,710766,0.967658
OEAC_007_OU_EX_0339,11,719761,59516097,-0.149295
OEAC_007_OU_EX_0339,11,59576302,59810923,0.882661
OEAC_007_OU_EX_0339,11,59829203,67228506,-0.087465
OEAC_007_OU_EX_0339,11,67231288,67523603,1.399381
OEAC_007_OU_EX_0339,11,67583469,74074875,-0.105318
OEAC_007_OU_EX_0339,11,74077911,75006744,1.434839
OEAC_007_OU_EX_0339,11,75088457,85599034,-0.119764
OEAC_007_OU_EX_0339,11,85628344,86069067,0.905887
OEAC_007_OU_EX_0339,11,86244973,127099713,-0.179801
OEAC_007_OU_EX_0339,11,128462176,134987037,0.780485
OEAC_007_OU_EX_0339,12,66645,5923122,-0.143444
OEAC_007_OU_EX_0339,12,5944796,6111244,0.872747
OEAC_007_OU_EX_0339,12,6120916,7323921,-0.078114
OEAC_007_OU_EX_0339,12,7324111,26658386,-0.197208
OEAC_007_OU_EX_0339,12,26658861,26937044,0.830758
OEAC_007_OU_EX_0339,12,26953933,44816384,-0.212802
OEAC_007_OU_EX_0339,12,44874970,57957123,-0.091241
OEAC_007_OU_EX_0339,12,58802988,58920453,0.773488
OEAC_007_OU_EX_0339,12,59523049,121808658,-0.139918
OEAC_007_OU_EX_0339,12,121809301,133234686,0.868705
OEAC_007_OU_EX_0339,13,18266986,114326577,-0.127954
OEAC_007_OU_EX_0339,14,19733131,19936924,-0.841988
OEAC_007_OU_EX_0339,14,19975283,67734149,-0.125417
OEAC_007_OU_EX_0339,14,67748245,67887456,-29.861567
OEAC_007_OU_EX_0339,14,68291555,73726410,-0.109174
OEAC_007_OU_EX_0339,14,73726411,74303279,0.910397
OEAC_007_OU_EX_0339,14,74356533,102377123,-0.128709
OEAC_007_OU_EX_0339,14,102407030,102539989,0.974872
OEAC_007_OU_EX_0339,14,102681601,106875198,-0.071112
OEAC_007_OU_EX_0339,15,19964484,35927201,0.715569
OEAC_007_OU_EX_0339,15,36579543,97919971,-0.112912
OEAC_007_OU_EX_0339,15,97960593,101849792,0.810681
OEAC_007_OU_EX_0339,16,31454,237558,1.139305
OEAC_007_OU_EX_0339,16,254153,90095084,-0.101873
OEAC_007_OU_EX_0339,17,137293,27550942,-0.113803
OEAC_007_OU_EX_0339,17,27560133,28330867,0.894168
OEAC_007_OU_EX_0339,17,28331530,29167158,1.563309
OEAC_007_OU_EX_0339,17,29246468,47745659,-0.078393
OEAC_007_OU_EX_0339,17,47808092,48121749,0.965891
OEAC_007_OU_EX_0339,17,48136894,75597154,-0.090394
OEAC_007_OU_EX_0339,17,75601131,75627601,0.960359
OEAC_007_OU_EX_0339,17,75627602,75737899,0.013937
OEAC_007_OU_EX_0339,17,75739284,76012298,0.990656
OEAC_007_OU_EX_0339,17,76014184,78800109,-0.055423
OEAC_007_OU_EX_0339,17,78803067,79091180,0.938974
OEAC_007_OU_EX_0339,17,79092335,81689140,-0.031958
OEAC_007_OU_EX_0339,17,81689856,81813952,0.997029
OEAC_007_OU_EX_0339,17,81822995,82572167,-0.002932
OEAC_007_OU_EX_0339,17,82582462,82870654,0.936046
OEAC_007_OU_EX_0339,17,82883796,83136106,-0.113606
OEAC_007_OU_EX_0339,18,116595,20954016,1.245772
OEAC_007_OU_EX_0339,18,20954534,24333306,1.083942
OEAC_007_OU_EX_0339,18,24333993,54378549,0.932435
OEAC_007_OU_EX_0339,18,54587492,80247644,0.089024
OEAC_007_OU_EX_0339,19,281162,20661852,-0.079421
OEAC_007_OU_EX_0339,19,20790427,30038190,-0.304267
OEAC_007_OU_EX_0339,19,30443334,48719296,-0.090874
OEAC_007_OU_EX_0339,19,48720494,48936511,0.944644
OEAC_007_OU_EX_0339,19,48939201,49351293,-0.059287
OEAC_007_OU_EX_0339,19,49354882,49647028,0.972106
OEAC_007_OU_EX_0339,19,49650569,58572884,-0.142927
OEAC_007_OU_EX_0339,20,87369,766048,1.472451
OEAC_007_OU_EX_0339,20,844600,64273515,0.864091
OEAC_007_OU_EX_0339,21,5033165,46664692,-0.142173
OEAC_007_OU_EX_0339,22,10752512,24134749,-0.120861
OEAC_007_OU_EX_0339,22,24164120,24939838,0.930549
OEAC_007_OU_EX_0339,22,25027678,49657439,-0.091802
OEAC_007_OU_EX_0339,22,49774029,50781015,0.923894
OEAC_007_OU_EX_0339,X,283933,41232844,0.781924
OEAC_007_OU_EX_0339,X,41333908,41671775,1.840315
OEAC_007_OU_EX_0339,X,41695360,129829467,0.772517
OEAC_007_OU_EX_0339,X,129841490,132413809,1.788456
OEAC_007_OU_EX_0339,X,132439145,156005768,0.759746
OEAC_007_OU_EX_0339,Y,2786786,26348817,0.350233
