Sample_ID,1p,1q,2p,2q,3p,3q,4p,4q,5p,5q,6p,6q,7p,7q,8p,8q,9p,9q,10p,10q,11p,11q,12p,12q,13p,13q,14p,14q,15p,15q,16p,16q,17p,17q,18p,18q,19p,19q,20p,20q,21p,21q,22p,22q,Xp,Xq
GX001-TF,-0.06,-0.019,-0.03,0.004,-0.022,-0.002,-0.08,-0.021,-0.026,-0.025,-0.03,0.01,0.247,0.196,-0.047,-0.017,-0.044,-0.067,0.165,0.187,-0.035,-0.028,0.003,-0.024,NA,-0.005,NA,-0.07,NA,-0.068,-0.128,-0.126,-0.118,-0.121,0.003,-0.033,-0.213,-0.158,0.413,0.351,0.002,-0.038,NA,-0.131,-0.133,-0.133
GX001-TO_P31,-0.088,-0.088,-0.085,-0.085,-0.09,0.436,-0.09,-0.09,-0.086,-0.086,-0.08,-0.08,0.18,0.187,0.042,0.042,-0.102,-0.094,0.359,0.359,-0.084,-0.084,-0.393,-0.087,NA,-0.07,NA,-0.07,NA,-0.092,-0.092,-0.092,-0.082,-0.082,-0.094,-0.094,-0.08,-0.08,0.622,0.622,-0.077,-0.077,NA,-0.094,0.066,0.066
GX001-TO,-0.093,-0.093,-0.091,-0.063,-0.087,0.26,-0.123,-0.123,-0.056,-0.056,-0.074,-0.072,0.253,0.281,0.093,0.096,-0.101,-0.064,0.202,0.202,-0.097,-0.097,-0.102,-0.102,NA,-0.084,NA,-0.087,NA,-0.113,-0.081,-0.088,-0.108,-0.11,-0.113,-0.113,-0.136,-0.136,0.922,0.878,-0.142,-0.142,NA,-0.091,0.039,0.039
GX006-T2F,-0.106,0.033,0.154,-0.012,-0.123,0.107,-0.251,-0.173,0.317,-0.182,-0.111,-0.031,0.179,-0.001,0.406,0.221,-0.24,-0.012,0.186,0.033,0.135,-0.08,-0.054,-0.06,NA,0.175,NA,-0.087,NA,-0.116,-0.206,-0.242,-0.074,0.034,-0.232,-0.232,-0.146,0.102,-0.17,0.217,-0.22,-0.228,NA,-0.222,-0.234,-0.232
GX006-T2OL,-0.178,-0.032,0.128,0.001,-0.277,0.25,-0.767,-0.502,0.694,-0.202,-0.363,-0.096,0.271,-0.02,0.556,0.289,-1.034,-0.209,0.52,0.253,-0.004,-0.239,-0.204,-0.19,NA,0.496,NA,-0.181,NA,-0.186,-0.596,-0.639,-0.158,0.27,-0.772,-0.772,-0.558,0.501,-0.578,0.493,-0.722,-0.652,NA,-0.486,-0.362,0.245
GX006-T2O,-0.176,0.087,0.421,0.142,-0.383,0.283,-0.758,-0.498,0.74,-0.232,-0.378,-0.082,0.434,0.002,0.587,0.442,-0.939,-0.064,0.411,0.132,0.082,-0.311,-0.202,-0.206,NA,0.5,NA,-0.183,NA,-0.248,-0.653,-0.689,-0.216,0.222,-0.77,-0.77,-0.551,0.282,-0.47,0.436,-0.762,-0.693,NA,-0.471,-0.101,0.09
GX012-TF,-0.132,0.314,-0.001,-0.066,-0.077,0.041,-0.467,0.192,0.192,-0.262,0.156,0.085,0.448,0.001,-0.241,0.202,-0.185,-0.108,0.019,-0.098,-0.024,-0.024,-0.288,-0.247,NA,0.227,NA,-0.138,NA,-0.112,-0.151,-0.24,-0.258,0.115,0.094,0.094,-0.323,0.045,0.038,0.667,-0.175,-0.353,NA,-0.316,-0.306,-0.203
GX012-TO,-0.393,0.099,-0.356,-0.356,0.186,0.186,-1.358,-0.112,-0.392,-0.392,0.559,0.162,0.554,-0.236,-0.778,0.568,-0.258,0.542,-0.3,-0.347,-0.142,-0.257,-0.398,-0.398,NA,0.569,NA,0.153,NA,-0.152,0.151,-0.3,-0.366,0.205,0.185,-0.981,-0.176,0.018,0.146,0.979,-0.395,-0.388,NA,-0.414,-0.578,-0.453
GX021-TF,0.027,0.066,0.005,0.013,-0.258,0.53,-0.0,-0.273,-0.054,-0.142,-0.017,0.023,-0.036,-0.071,-0.518,-0.017,-0.599,-0.13,-0.406,-0.031,-0.506,-0.197,0.095,0.12,NA,0.038,NA,0.035,NA,-0.021,-0.066,-0.066,-0.122,-0.119,-0.096,-0.393,-0.059,-0.098,-0.058,-0.058,0.402,-0.251,NA,-0.582,-0.156,-0.156
GX021-TOL,-0.003,-0.01,0.104,0.07,-0.562,0.266,-0.035,-0.471,-0.035,-0.263,-0.077,-0.077,-0.053,-0.279,-0.737,0.004,-1.501,-0.193,-0.744,-0.063,-0.739,-0.346,0.201,0.284,NA,0.379,NA,0.031,NA,-0.033,-0.09,-0.09,-0.038,-0.038,-0.173,-0.517,-0.078,-0.134,-0.039,-0.039,0.361,-0.417,NA,-0.244,0.004,-0.391
GX021-TO,0.001,-0.013,0.204,0.197,-0.683,0.223,-0.085,-0.458,-0.139,-0.139,-0.116,-0.116,-0.093,-0.417,-1.048,-0.133,-1.426,-0.162,-0.717,-0.098,-0.67,-0.236,0.271,0.376,NA,0.464,NA,0.05,NA,-0.096,-0.12,-0.038,-0.073,-0.073,-0.12,-0.551,-0.076,-0.126,-0.079,-0.079,0.266,-0.338,NA,-0.357,0.087,-0.538
GX022-LNO_P39,-0.408,0.07,0.168,0.107,-0.493,0.107,-0.746,-0.307,0.12,-0.179,-0.069,0.176,0.427,0.156,0.203,0.203,-0.672,-0.214,-0.225,-0.239,-0.059,0.106,0.19,0.19,NA,0.07,NA,0.108,NA,0.133,-0.181,0.373,-0.723,-0.227,-0.108,-0.694,-0.473,-0.004,0.183,0.183,-0.228,-0.228,NA,-0.189,0.301,0.197
GX022-LNO,-0.432,0.123,0.13,0.13,-0.454,-0.144,-0.818,-0.431,0.081,0.081,-0.109,0.129,0.417,0.131,0.13,0.13,-0.806,-0.439,-0.283,-0.318,0.135,0.135,0.146,0.146,NA,0.083,NA,0.14,NA,0.125,0.152,0.152,-0.76,-0.239,-0.102,-0.761,-0.545,0.122,0.148,0.148,-0.248,-0.248,NA,-0.104,0.397,0.397
GX022-TF,-0.077,-0.082,0.112,0.049,-0.093,0.064,-0.201,-0.201,0.141,-0.093,-0.023,-0.023,0.08,0.048,0.102,0.081,-0.176,-0.049,0.071,0.092,-0.032,-0.05,0.037,0.149,NA,0.063,NA,0.161,NA,0.072,0.073,0.031,-0.141,0.019,0.378,-0.221,-0.169,-0.056,0.128,0.128,-0.057,-0.077,NA,-0.035,-0.026,-0.043
GX022-TO,-0.427,-0.123,0.134,0.134,-0.429,-0.129,-0.812,-0.423,0.045,0.045,-0.107,0.136,0.444,0.142,0.124,0.124,-0.819,-0.334,-0.285,-0.331,0.155,0.155,0.155,0.155,NA,0.131,NA,0.131,NA,0.111,0.179,0.179,-0.759,-0.224,-0.557,-0.725,-0.536,0.135,0.156,0.156,-0.274,-0.274,NA,-0.086,0.404,0.461
GX023-TdysF,-0.19,-0.163,-0.099,0.038,-0.405,-0.162,-0.201,-0.201,-0.2,-0.2,0.231,0.14,0.364,0.36,0.198,0.236,-0.455,0.227,-0.184,-0.184,-0.171,-0.18,-0.193,-0.193,NA,0.751,NA,0.349,NA,-0.188,-0.172,0.07,-0.214,0.233,-0.238,-0.238,-0.32,-0.146,0.308,0.732,0.34,-0.204,NA,-0.237,-0.432,-0.432
GX023-TdysO,-0.244,-0.18,-0.02,0.217,-0.277,-0.275,-0.28,-0.28,-0.257,-0.257,0.101,-0.252,0.528,0.435,0.247,0.247,-0.672,0.264,-0.266,-0.266,-0.278,-0.296,-0.336,-0.269,NA,0.568,NA,0.466,NA,-0.198,-0.249,-0.137,-0.194,0.29,-0.319,-0.319,-0.247,0.185,0.378,0.735,0.143,-0.258,NA,-0.247,-0.508,-0.508
GX023-TF,0.022,0.427,0.028,0.028,0.033,0.033,-0.462,-0.093,0.909,0.033,0.012,0.012,0.024,0.024,0.024,0.024,-0.493,0.18,0.01,0.01,-0.666,0.027,-0.264,0.004,NA,0.478,NA,-0.634,NA,0.021,0.031,0.031,-0.657,0.02,0.014,0.014,-0.672,-0.669,0.017,0.518,-0.394,-0.551,NA,-0.064,-0.173,-0.173
GX023-TO,0.046,0.52,0.039,0.039,0.028,0.028,-0.575,-0.121,1.074,0.025,0.025,0.025,0.033,0.033,0.026,0.026,-0.714,0.231,0.027,0.027,-0.911,0.045,-0.343,0.016,NA,0.597,NA,-0.859,NA,0.027,0.051,0.051,-0.875,0.027,0.021,0.021,-0.911,-0.911,0.039,0.63,0.342,-0.792,NA,-0.092,-0.183,-0.183
GX024-TF,-0.209,-0.052,0.175,0.186,-0.208,0.177,-0.234,-0.185,0.154,0.154,-0.234,-0.167,0.458,0.078,-0.199,-0.199,-0.132,0.139,-0.22,-0.204,-0.21,-0.21,0.177,0.104,NA,0.173,NA,-0.192,NA,0.131,-0.244,-0.244,-0.177,0.083,-0.144,-0.209,-0.081,0.113,0.119,0.119,-0.042,-0.049,NA,-0.283,-0.042,-0.042
GX024-TO_P20,-0.62,0.312,0.354,0.354,-0.583,0.361,-0.608,-0.63,0.365,0.365,-0.617,-0.608,0.935,0.027,-0.609,-0.609,-0.682,-0.286,-0.637,-0.612,-0.666,-0.606,0.354,0.128,NA,0.369,NA,-0.609,NA,0.346,-0.612,-0.612,-0.488,0.287,-0.536,-0.645,-0.11,0.38,0.349,0.349,0.349,0.349,NA,-0.613,0.162,0.162
GX024-TO,-0.619,0.324,0.353,0.353,-0.588,0.357,-0.622,-0.627,0.363,0.363,-0.621,-0.602,0.928,0.011,-0.618,-0.618,-0.591,-0.291,-0.617,-0.619,-0.688,-0.605,0.347,0.141,NA,0.365,NA,-0.594,NA,0.346,-0.608,-0.608,-0.489,0.286,-0.521,-0.626,-0.122,0.379,0.345,0.345,0.338,0.338,NA,-0.615,0.175,0.175
GX025-TF,0.014,0.023,0.011,0.009,-0.009,0.092,-0.043,-0.042,0.014,-0.01,-0.01,-0.01,0.047,0.044,-0.017,0.075,0.183,-0.047,-0.005,0.012,0.001,0.052,0.038,0.06,NA,-0.026,NA,0.086,NA,0.016,0.068,-0.01,-0.005,-0.026,0.014,0.014,-0.159,-0.118,-0.064,0.16,-0.014,-0.031,NA,-0.05,-0.283,-0.276
GX025-TO,0.077,0.082,-0.524,-0.464,-0.013,0.588,-0.504,-0.482,0.31,-0.215,0.015,-0.504,0.411,0.143,-0.433,0.223,0.171,-0.5,-0.425,-0.095,-0.135,0.347,0.392,0.077,NA,-0.863,NA,0.182,NA,-0.13,0.354,-0.387,-0.397,-0.452,0.121,-0.439,0.025,0.265,-0.76,0.71,-0.559,-0.559,NA,-0.254,-0.663,-0.245
GX026-TF,-0.046,0.045,-0.039,-0.041,0.019,0.019,-0.258,-0.089,0.034,0.034,-0.031,-0.173,0.24,0.176,0.12,0.12,0.051,0.051,-0.104,-0.098,0.067,0.067,-0.075,-0.105,NA,0.012,NA,-0.042,NA,0.07,0.203,-0.317,-0.248,-0.021,0.293,-0.279,-0.31,-0.059,0.052,0.052,-0.022,-0.022,NA,-0.047,-0.267,-0.267
GX026-TO_P21,-0.157,0.23,-0.152,-0.152,-0.159,-0.143,-0.704,-0.329,0.226,0.228,-0.243,-0.726,0.248,0.248,0.529,0.529,0.11,0.11,-0.164,-0.161,-0.166,-0.166,0.232,0.232,NA,0.196,NA,0.243,NA,-0.082,0.198,-0.728,-0.641,-0.156,0.235,-0.696,-0.173,0.184,0.218,0.218,-0.228,-0.228,NA,-0.208,0.078,0.078
GX026-TO,-0.173,0.195,-0.173,-0.173,-0.178,-0.16,-0.744,-0.361,0.216,0.218,-0.273,-0.736,0.22,0.22,0.528,0.528,0.207,0.207,-0.181,-0.181,-0.184,-0.184,0.213,0.213,NA,0.22,NA,0.225,NA,0.185,0.167,-0.759,-0.656,-0.176,0.224,-0.733,-0.145,0.203,0.215,0.215,-0.183,-0.183,NA,-0.197,0.03,0.03
GX030-TF,-0.105,-0.055,0.185,0.205,-0.189,-0.005,-0.09,-0.034,0.102,-0.077,-0.079,-0.024,0.144,0.158,-0.077,-0.077,-0.049,-0.072,-0.088,-0.088,-0.079,-0.064,-0.084,-0.064,NA,-0.03,NA,-0.063,NA,-0.09,-0.134,-0.134,0.045,0.102,-0.054,-0.054,-0.191,0.249,0.118,0.118,-0.084,-0.093,NA,-0.182,-0.266,-0.266
GX030-TO,-0.232,-0.2,0.361,0.361,-0.627,-0.19,-0.202,-0.202,-0.213,-0.221,0.344,0.114,0.359,0.359,-0.219,-0.219,-0.219,-0.219,-0.22,-0.22,-0.216,-0.216,-0.212,-0.23,NA,-0.198,NA,-0.2,NA,-0.216,-0.216,-0.216,0.345,0.345,-0.204,-0.204,-0.207,0.698,0.346,0.346,-0.182,-0.182,NA,-0.229,-0.392,-0.392
GX032-TF,-0.046,-0.039,-0.023,-0.028,-0.049,-0.049,-0.089,-0.035,-0.064,-0.064,-0.046,-0.047,0.011,0.017,0.227,0.227,0.276,0.26,-0.047,-0.047,-0.046,-0.046,-0.033,-0.033,NA,-0.025,NA,-0.023,NA,0.187,-0.059,-0.059,-0.056,-0.054,-0.038,-0.038,-0.091,-0.078,0.0,0.0,-0.066,-0.066,NA,-0.091,-0.274,-0.274
GX032-TO,-0.067,-0.072,-0.084,-0.084,-0.076,-0.076,-0.262,-0.089,-0.088,-0.088,-0.08,-0.108,-0.075,-0.075,0.472,0.472,0.49,0.474,-0.097,-0.097,-0.078,-0.078,-0.079,-0.079,NA,-0.08,NA,-0.074,NA,0.476,-0.075,-0.075,-0.069,-0.069,-0.089,-0.089,-0.078,-0.078,-0.084,-0.084,-0.063,-0.063,NA,-0.07,-0.238,-0.238
GX034-LNF,-0.078,-0.047,-0.021,-0.034,-0.198,-0.033,-0.527,-0.281,-0.049,-0.398,-0.276,-0.244,0.438,0.203,-0.392,-0.136,-0.341,-0.304,1.026,-0.368,-0.076,0.002,0.665,-0.023,NA,-0.036,NA,-0.346,NA,-0.057,-0.011,-0.121,-0.487,0.183,0.174,-0.337,0.063,0.053,-0.184,0.246,-0.088,-0.102,NA,0.366,-0.244,0.001
GX034-LNO,-0.077,-0.084,0.079,0.079,-0.246,-0.025,-0.469,-0.547,-0.07,-0.464,-0.326,-0.453,0.446,0.093,-0.647,-0.296,-0.998,0.042,0.905,-0.508,0.07,0.046,1.044,-0.012,NA,0.198,NA,-0.273,NA,-0.075,-0.077,-0.077,-0.806,0.197,0.197,-0.508,-0.278,0.042,0.092,0.339,-0.557,-0.557,NA,0.429,0.069,0.069
GX034-TF,-0.16,0.026,-0.097,-0.097,-0.147,-0.078,-0.27,-0.245,0.354,-0.002,-0.123,-0.097,0.214,-0.124,0.097,0.097,-0.259,-0.237,0.21,0.314,-0.026,-0.056,-0.117,-0.117,NA,0.243,NA,-0.103,NA,-0.102,0.197,-0.099,-0.332,0.013,-0.102,-0.102,0.156,-0.144,-0.048,0.443,-0.086,-0.105,NA,-0.016,-0.155,-0.155
GX034-TO,-0.321,0.055,-0.223,-0.223,-0.27,-0.146,-0.572,-0.371,0.707,-0.03,-0.231,-0.207,0.444,-0.331,0.162,0.162,-0.673,-0.112,-0.237,0.011,-0.141,-0.13,-0.249,-0.249,NA,0.492,NA,-0.217,NA,-0.25,0.142,-0.639,-0.795,0.114,-0.224,-0.224,0.523,-0.288,-0.031,0.907,-0.187,-0.208,NA,0.102,-0.038,-0.038
GX036-T2F,-0.004,-0.007,0.051,0.011,-0.021,0.004,-0.164,-0.015,-0.005,0.089,-0.035,0.006,0.013,-0.026,0.259,0.254,-0.007,-0.018,0.007,-0.005,-0.018,-0.018,-0.014,0.137,NA,0.019,NA,0.033,NA,0.013,0.01,-0.013,-0.011,-0.018,0.037,0.037,-0.245,-0.155,0.018,0.018,-0.069,-0.105,NA,-0.046,-0.092,-0.09
GX036-T2O,-0.041,-0.041,-0.035,-0.035,-0.166,-0.039,-0.065,-0.179,-0.032,-0.035,-0.018,-0.018,-0.062,-0.062,0.518,0.518,-0.053,-0.053,-0.049,-0.049,-0.067,-0.053,0.506,-0.039,NA,-0.022,NA,-0.019,NA,-0.033,-0.063,-0.061,-0.054,-0.054,-0.036,-0.036,-0.11,-0.061,-0.057,-0.057,-0.064,-0.064,NA,-0.078,-0.199,-0.033
GX036-TF,-0.031,0.002,0.002,0.001,-0.035,-0.014,-0.134,0.024,0.005,0.086,-0.001,-0.003,-0.016,-0.003,0.144,0.144,0.05,0.027,-0.038,-0.035,-0.014,-0.012,-0.018,0.034,NA,0.014,NA,-0.004,NA,-0.035,-0.058,-0.076,-0.06,-0.06,0.01,0.01,-0.129,-0.101,-0.056,-0.056,-0.045,-0.075,NA,-0.117,-0.035,-0.035
GX036-TO,-0.035,-0.035,-0.05,-0.05,-0.173,-0.061,-0.053,-0.186,-0.049,-0.049,-0.051,-0.051,-0.158,-0.055,0.535,0.535,-0.034,-0.042,-0.051,-0.051,-0.039,-0.039,0.857,-0.043,NA,-0.048,NA,-0.03,NA,-0.05,-0.019,-0.032,-0.035,-0.035,-0.066,-0.066,-0.065,-0.028,-0.051,-0.051,-0.036,-0.036,NA,-0.045,-0.239,-0.055
GX040-TF,-0.063,0.123,0.15,0.098,0.053,0.045,-0.238,-0.205,0.258,-0.009,0.037,0.003,0.489,-0.085,-0.179,0.101,-0.169,-0.008,-0.122,-0.029,0.016,0.008,0.0,-0.011,NA,-0.038,NA,0.08,NA,0.105,0.044,-0.186,0.027,-0.078,-0.115,0.041,-0.148,-0.102,0.158,0.291,-0.129,-0.147,NA,-0.196,-0.267,-0.267
GX040-TO,-0.325,-0.124,0.22,0.209,-0.102,0.212,-1.232,-0.443,0.08,-0.521,0.22,-0.22,0.863,0.613,-0.983,0.54,0.17,0.17,-0.242,-0.233,0.21,0.21,0.216,-0.273,NA,0.246,NA,-0.069,NA,-0.341,-0.272,0.155,-0.315,-0.281,0.987,-0.14,-0.342,0.208,0.638,0.317,-0.345,-0.345,NA,-0.445,-1.292,-1.239
GX041-T2F,-0.029,-0.014,-0.017,0.009,-0.154,0.002,-0.068,-0.025,-0.026,-0.032,-0.052,-0.031,0.058,0.086,0.077,0.077,-0.043,-0.043,-0.024,-0.024,-0.002,-0.002,-0.009,0.02,NA,-0.016,NA,0.058,NA,-0.028,-0.059,-0.059,-0.058,-0.059,-0.018,-0.018,-0.088,-0.104,0.373,0.373,-0.122,-0.13,NA,-0.091,-0.214,-0.214
GX041-T2O,-0.017,-0.017,-0.037,-0.014,-0.182,-0.02,-0.017,-0.017,-0.028,-0.026,-0.02,-0.015,-0.018,-0.018,-0.034,-0.034,-0.032,-0.032,-0.038,-0.038,-0.024,-0.024,-0.022,-0.022,NA,-0.028,NA,-0.025,NA,-0.027,-0.041,-0.041,-0.03,-0.03,-0.024,-0.024,-0.028,-0.037,0.377,0.377,-0.028,-0.028,NA,-0.05,0.507,0.507
GX041-TF,-0.008,0.009,0.003,0.018,-0.155,0.014,0.021,0.021,0.016,0.016,-0.003,0.025,0.024,0.024,0.006,0.006,-0.014,-0.014,-0.009,-0.009,-0.006,-0.006,-0.002,-0.002,NA,0.028,NA,0.003,NA,-0.019,-0.036,-0.036,-0.049,-0.049,0.005,0.005,-0.106,-0.084,0.393,0.393,-0.071,-0.071,NA,-0.049,-0.099,-0.099
GX041-TO,-0.01,-0.01,-0.058,-0.011,-0.331,-0.011,-0.001,-0.001,-0.011,-0.011,-0.021,-0.001,-0.012,-0.012,-0.012,-0.012,-0.034,-0.034,-0.029,-0.029,-0.013,-0.013,-0.009,-0.009,NA,-0.012,NA,-0.016,NA,-0.025,-0.033,-0.033,-0.028,-0.028,-0.022,-0.022,-0.034,-0.032,0.537,0.537,-0.034,-0.034,NA,-0.035,-0.116,-0.116
GX044-TF,-0.028,-0.03,0.084,0.061,0.031,0.11,0.029,0.023,0.022,-0.015,-0.072,0.053,0.085,0.078,0.054,0.049,0.048,0.025,0.039,0.053,0.075,0.062,0.008,0.067,NA,0.039,NA,-0.024,NA,-0.014,-0.045,-0.035,0.018,-0.057,0.017,0.017,-0.234,-0.172,0.036,0.036,0.005,-0.019,NA,-0.062,-0.002,0.029
GX044-TO,-0.033,0.038,-0.028,-0.03,-0.045,0.209,-0.044,-0.044,-0.036,-0.04,-0.027,-0.027,0.53,0.53,-0.386,-0.056,-0.038,-0.038,-0.047,-0.041,-0.03,-0.03,-0.059,-0.039,NA,-0.042,NA,-0.038,NA,-0.042,-0.037,-0.037,-0.035,-0.035,-0.281,-0.392,-0.031,-0.031,-0.055,-0.055,-0.035,-0.035,NA,-0.058,-0.789,-0.393
GX046-TF,-0.125,-0.038,-0.041,-0.005,-0.246,-0.038,-0.091,-0.015,0.112,-0.01,-0.059,-0.059,0.115,0.013,-0.053,-0.053,-0.151,0.09,-0.061,-0.008,0.152,-0.003,0.121,0.044,NA,0.198,NA,-0.059,NA,-0.071,0.193,-0.12,-0.054,-0.107,-0.039,-0.105,-0.115,-0.119,0.232,0.232,-0.09,-0.092,NA,-0.137,0.28,0.28
GX046-TO,-0.155,-0.146,-0.158,-0.146,-0.796,0.041,-0.201,-0.187,0.367,0.014,-0.162,-0.159,0.345,-0.087,-0.18,-0.14,-0.845,0.312,-0.235,0.026,0.39,-0.089,0.439,0.056,NA,0.505,NA,-0.197,NA,-0.168,0.006,-0.144,-0.202,-0.257,-0.214,-0.499,-0.183,-0.183,0.749,0.749,-0.17,-0.19,NA,-0.233,0.927,0.616
GX048-TF,-0.064,-0.046,-0.024,-0.031,-0.056,-0.056,-0.051,-0.051,-0.071,-0.071,-0.074,-0.043,-0.039,-0.036,0.304,0.304,-0.043,-0.057,-0.057,-0.057,-0.055,-0.055,0.296,0.296,NA,-0.038,NA,-0.037,NA,-0.059,-0.08,-0.08,-0.085,-0.083,-0.029,-0.029,0.043,0.043,-0.08,-0.08,-0.085,-0.085,NA,-0.117,-0.288,-0.288
GX048-TO,-0.074,-0.074,-0.081,-0.081,-0.077,-0.077,-0.088,-0.088,-0.101,-0.079,-0.077,-0.083,-0.046,-0.046,0.482,0.482,-0.077,-0.077,-0.087,-0.087,-0.074,-0.074,0.453,0.453,NA,-0.097,NA,-0.068,NA,-0.087,-0.068,-0.068,-0.065,-0.065,-0.084,-0.084,0.022,0.107,-0.083,-0.083,-0.083,-0.083,NA,-0.086,-0.287,-0.287
GX049-TF,-0.016,-0.016,-0.004,-0.004,-0.016,-0.016,-0.011,-0.011,0.191,-0.012,-0.009,-0.009,0.039,0.039,0.049,0.049,-0.026,-0.026,-0.021,-0.021,-0.016,-0.016,0.153,0.153,NA,-0.007,NA,-0.021,NA,-0.019,-0.034,-0.034,-0.032,-0.032,0.468,-0.028,-0.08,-0.05,-0.009,-0.009,-0.051,-0.051,NA,-0.047,-0.077,-0.042
GX049-TO,-0.018,-0.018,-0.026,-0.026,-0.034,-0.034,-0.053,-0.052,0.296,-0.028,-0.028,-0.028,-0.032,-0.032,0.122,0.122,-0.04,-0.04,-0.037,-0.034,-0.031,-0.031,0.147,0.147,NA,-0.024,NA,-0.039,NA,-0.022,-0.04,-0.04,-0.034,-0.034,0.75,-0.042,-0.035,-0.035,-0.014,-0.014,-0.056,-0.056,NA,-0.039,-0.042,0.009
GX052-T2O,-0.173,-0.142,-0.171,-0.158,-0.163,0.177,-0.141,-0.104,-0.125,-0.134,-0.12,-0.12,0.406,0.406,0.82,0.82,-0.138,-0.177,0.088,0.38,-0.179,-0.155,-0.164,-0.164,NA,0.441,NA,-0.151,NA,0.023,-0.191,-0.191,-0.183,-0.193,-0.146,-0.146,-0.18,-0.18,-0.199,-0.199,-0.114,-1.139,NA,0.372,0.235,-0.268
GX052-TF,-0.029,0.016,-0.011,0.022,0.011,0.096,-0.012,0.099,0.003,0.033,-0.036,0.087,0.079,0.156,0.223,0.205,-0.008,-0.038,0.022,0.089,0.043,0.014,0.061,0.008,NA,0.192,NA,-0.033,NA,-0.022,-0.106,-0.112,-0.107,-0.115,0.002,0.002,-0.148,-0.128,-0.085,-0.095,-0.13,-0.164,NA,-0.066,-0.116,-0.123
GX052-TO,-0.142,-0.089,-0.171,-0.142,-0.138,0.2,-0.106,-0.106,-0.135,-0.141,-0.117,-0.117,0.446,0.446,0.574,0.574,-0.117,-0.129,0.112,0.402,-0.144,-0.124,-0.136,-0.136,NA,0.386,NA,-0.138,NA,0.04,-0.155,-0.155,-0.135,-0.153,-0.171,-0.155,-0.135,-0.135,-0.166,-0.166,-0.207,-1.107,NA,0.403,0.234,-0.258
GX054-T2F,-0.026,0.208,0.027,0.036,-0.154,0.014,-0.048,-0.004,-0.006,-0.018,-0.021,0.005,0.022,0.022,0.001,0.001,0.012,-0.007,-0.001,-0.001,0.031,0.025,0.01,0.005,NA,0.019,NA,0.011,NA,-0.316,-0.037,-0.037,-0.038,-0.035,0.009,0.009,-0.075,-0.083,-0.011,-0.011,-0.011,-0.013,NA,-0.081,-0.245,-0.206
GX054-T2O,0.0,0.472,0.015,0.015,-0.473,-0.008,-0.009,-0.054,-0.0,-0.0,0.0,0.0,-0.013,-0.013,-0.011,-0.011,-0.003,-0.003,-0.012,-0.012,-0.005,-0.002,-0.007,-0.007,NA,0.024,NA,0.003,NA,-0.905,-0.007,-0.007,-0.005,-0.005,-0.021,-0.021,-0.012,-0.012,-0.016,-0.016,-0.019,-0.019,NA,-0.017,-0.123,-0.123
GX054-TF,-0.015,0.217,0.01,0.01,-0.153,0.015,0.016,0.003,0.015,0.015,0.016,0.016,0.085,0.085,0.014,0.014,-0.011,-0.011,0.0,0.0,0.004,0.004,-0.002,-0.002,NA,-0.026,NA,-0.004,NA,-0.312,-0.025,-0.025,-0.036,-0.036,0.003,0.003,-0.041,-0.041,-0.02,-0.02,-0.041,-0.041,NA,-0.047,-0.108,-0.108
GX054-TO,-0.002,0.478,0.01,0.01,-0.484,-0.007,-0.001,-0.048,0.008,0.008,-0.003,-0.003,0.0,0.0,-0.0,-0.0,-0.005,-0.005,-0.009,-0.009,-0.002,-0.002,-0.007,-0.007,NA,0.02,NA,0.011,NA,-0.957,-0.0,-0.0,-0.004,-0.004,-0.019,-0.019,-0.003,-0.012,-0.023,-0.023,-0.014,-0.014,NA,-0.005,-0.136,-0.136
GX055-TF,-0.079,0.169,0.039,0.206,0.071,-0.258,-0.161,0.13,0.12,-0.296,0.109,0.018,0.219,0.018,-0.122,0.381,-0.409,-0.108,-0.128,-0.065,-0.089,0.147,-0.082,0.023,NA,-0.137,NA,-0.265,NA,-0.333,-0.299,-0.126,-0.078,-0.077,-0.204,-0.372,-0.041,0.037,0.029,0.284,-0.157,-0.157,NA,-0.258,-0.062,-0.17
GX055-TO,-0.106,0.026,-0.16,0.326,0.134,-0.515,-0.237,0.073,0.147,-0.49,0.195,0.03,0.439,-0.074,-0.66,0.022,-0.643,0.151,-0.158,-0.053,-0.363,0.263,-0.109,0.115,NA,-0.308,NA,-0.462,NA,-0.516,-0.394,-0.044,-0.153,-0.136,-0.557,-0.875,0.017,0.095,0.148,0.645,-0.146,-0.146,NA,-0.298,0.009,-0.44
GX056-T2F,-0.047,-0.043,-0.008,-0.024,-0.041,-0.163,-0.09,-0.027,-0.037,-0.049,-0.044,-0.044,-0.013,0.005,-0.047,-0.057,-0.021,-0.021,-0.047,-0.047,-0.038,-0.039,-0.039,-0.039,NA,0.191,NA,-0.01,NA,-0.033,-0.058,-0.075,-0.038,-0.037,-0.028,-0.298,-0.076,-0.075,0.278,0.278,-0.036,-0.045,NA,-0.095,0.27,0.27
GX056-T2O,-0.051,-0.049,-0.033,-0.029,-0.038,-0.204,-0.034,-0.034,-0.029,-0.038,-0.023,-0.023,-0.099,-0.099,-0.055,-0.178,-0.058,-0.058,-0.069,-0.069,-0.073,-0.073,-0.064,-0.064,NA,0.353,NA,-0.026,NA,-0.052,-0.074,-0.074,-0.067,-0.068,-0.054,-0.595,-0.076,-0.076,0.488,0.488,-0.071,-0.071,NA,-0.102,0.702,0.702
GX056-TF,-0.052,-0.017,-0.013,-0.001,-0.03,-0.118,-0.056,-0.002,-0.026,-0.036,-0.017,-0.009,-0.012,-0.012,-0.012,-0.047,-0.023,-0.039,-0.03,-0.03,-0.032,-0.032,-0.023,-0.023,NA,0.203,NA,-0.01,NA,-0.03,-0.068,-0.068,-0.054,-0.023,0.016,-0.289,-0.09,-0.073,0.241,0.241,-0.039,-0.047,NA,-0.107,0.314,0.314
GX056-TO,-0.032,-0.035,-0.017,-0.017,-0.038,-0.297,-0.016,-0.016,-0.021,-0.027,-0.02,-0.023,-0.036,-0.036,-0.038,-0.193,-0.046,-0.046,-0.034,-0.034,-0.038,-0.038,-0.043,-0.043,NA,0.373,NA,-0.034,NA,-0.039,-0.043,-0.043,-0.054,-0.025,-0.817,-0.967,-0.04,-0.04,0.512,0.512,-0.052,-0.052,NA,-0.071,0.669,0.669
GX057-TF,-0.1,0.034,0.042,0.044,-0.006,0.022,-0.125,-0.015,-0.047,-0.019,-0.002,0.027,0.184,0.102,0.15,0.131,-0.034,-0.061,0.112,0.035,0.003,0.078,-0.028,-0.032,NA,0.061,NA,-0.065,NA,-0.064,-0.038,-0.132,-0.177,-0.132,0.003,0.068,-0.117,-0.107,0.179,0.179,-0.197,-0.209,NA,-0.234,-0.101,-0.101
GX057-TO,-0.083,0.239,-0.054,-0.054,0.189,0.19,-0.967,-0.86,-0.47,-0.47,-0.019,-0.019,0.465,0.209,0.301,0.335,-0.478,-0.478,0.53,0.53,-0.341,-0.341,-0.032,-0.119,NA,-0.004,NA,-0.321,NA,0.223,0.068,-0.026,-0.422,-0.116,-0.535,-0.317,-0.074,-0.074,0.843,0.859,-0.916,-0.916,NA,-0.058,-0.225,-0.225
GX058-TF,0.016,0.006,0.116,0.098,-0.177,-0.041,-0.076,-0.115,0.013,-0.164,-0.099,-0.142,0.196,0.16,0.057,0.144,-0.162,0.05,0.119,0.016,-0.158,-0.027,-0.24,0.065,NA,0.148,NA,-0.02,NA,0.09,0.183,0.074,-0.18,-0.045,0.133,-0.02,-0.17,-0.025,-0.215,0.331,-0.1,-0.116,NA,-0.055,-0.224,-0.224
GX058-TO,-0.378,0.024,0.21,0.21,-0.62,-0.097,-0.663,-0.663,-0.151,-0.587,-0.111,-0.607,0.268,0.268,-0.061,0.192,-0.523,0.238,0.229,0.004,-0.172,0.225,-0.684,0.032,NA,0.529,NA,0.2,NA,0.189,0.251,0.072,-0.664,-0.225,0.247,-0.095,0.106,0.205,-0.682,0.386,-0.197,-0.663,NA,-0.16,0.078,0.078
GX059-TF,-0.07,0.012,0.025,0.118,-0.077,0.203,0.05,-0.14,-0.081,-0.179,0.04,0.08,0.078,0.003,-0.224,0.147,-0.102,-0.021,0.077,0.024,-0.048,0.023,-0.046,-0.031,NA,0.147,NA,0.105,NA,0.126,0.056,-0.009,-0.241,0.072,-0.198,-0.166,-0.265,-0.271,-0.118,0.357,-0.252,-0.252,NA,-0.26,-0.04,-0.198
GX059-TO,-0.333,0.001,-0.167,0.188,-0.731,0.455,-0.241,-0.119,-0.785,-0.162,-0.262,0.189,0.142,0.194,-0.803,0.452,-0.673,-0.257,0.046,0.046,-0.083,0.083,-0.24,-0.249,NA,0.142,NA,-0.061,NA,0.298,-0.188,-0.188,-0.748,0.038,-0.815,-0.709,-0.58,-0.689,-0.509,0.455,-0.8,-0.788,NA,-0.403,-0.077,-0.246
GX060-T2F,-0.085,0.027,0.02,0.03,-0.105,-0.003,-0.032,-0.037,-0.071,-0.036,-0.038,0.005,0.048,0.03,-0.086,0.023,-0.006,-0.074,0.052,-0.07,0.029,-0.032,0.149,0.11,NA,0.098,NA,-0.003,NA,-0.031,-0.028,-0.056,-0.107,0.01,-0.104,-0.104,-0.181,0.072,0.085,0.236,0.106,-0.053,NA,-0.094,-0.162,-0.162
GX060-T2O,-0.248,0.164,0.122,-0.027,-0.543,0.225,-0.212,-0.511,-0.317,-0.311,-0.127,-0.279,0.27,0.311,-0.05,0.076,-0.059,-0.253,-0.104,-0.335,-0.026,-0.358,0.424,0.125,NA,0.533,NA,-0.081,NA,-0.322,-0.035,-0.035,-0.604,0.115,-0.243,-0.799,-0.657,0.545,0.306,0.692,-0.75,-0.75,NA,-0.006,-0.092,-0.092
GX060-TF,-0.101,0.024,-0.007,0.027,-0.134,-0.03,-0.035,-0.051,-0.034,-0.051,-0.008,0.019,0.01,0.032,-0.095,0.005,0.014,-0.037,0.084,-0.078,0.066,-0.034,0.145,0.163,NA,0.114,NA,0.002,NA,-0.03,-0.034,-0.068,-0.125,0.0,-0.133,-0.133,-0.19,0.097,0.09,0.316,-0.149,-0.161,NA,-0.097,-0.155,-0.155
GX060-TO,-0.34,0.111,-0.138,-0.087,-0.549,-0.191,-0.301,-0.696,-0.234,-0.246,-0.11,-0.261,0.105,0.133,-0.318,-0.146,-0.348,-0.366,0.373,-0.215,0.058,-0.291,0.328,0.19,NA,0.344,NA,-0.002,NA,0.035,0.01,0.006,-0.424,0.298,-0.331,-0.773,-0.529,0.592,0.34,0.892,-0.403,-0.403,NA,0.198,-0.059,-0.059
GX061-T2F,-0.072,0.013,-0.007,0.012,-0.005,-0.008,-0.042,0.007,-0.04,-0.04,-0.016,-0.002,0.009,0.018,-0.004,-0.004,-0.008,-0.024,-0.019,-0.019,0.007,0.009,-0.007,-0.007,NA,-0.01,NA,-0.018,NA,-0.029,-0.041,-0.041,-0.022,-0.028,-0.014,-0.014,-0.03,-0.03,-0.018,-0.018,-0.024,-0.027,NA,-0.069,-0.192,-0.192
GX061-T2O,-0.03,0.365,0.01,-0.096,-0.04,-0.03,-0.596,-0.596,-0.549,-0.716,-0.024,0.014,0.678,0.174,0.356,0.537,0.062,0.037,-0.416,0.364,-0.07,-0.044,-0.526,-0.198,NA,0.204,NA,-0.599,NA,0.097,-0.047,0.0,-0.62,-0.234,-0.599,-0.599,-0.57,-0.252,1.092,0.626,-0.437,-1.174,NA,-0.062,0.247,0.259
GX061-TF,-0.02,0.0,-0.004,0.014,-0.014,-0.014,-0.044,0.005,-0.013,-0.025,-0.01,-0.01,0.008,0.02,-0.006,-0.007,-0.035,-0.035,-0.019,-0.019,0.002,0.002,-0.003,-0.003,NA,-0.019,NA,-0.018,NA,-0.028,-0.043,-0.043,-0.032,-0.036,-0.032,-0.032,-0.033,-0.035,-0.023,-0.023,-0.044,-0.046,NA,-0.079,-0.176,-0.176
GX061-TO,-0.011,0.153,0.034,0.007,-0.022,-0.014,-0.554,-0.554,0.389,-0.473,-0.143,-0.415,-0.007,-0.007,0.463,0.471,0.39,0.386,-0.019,0.349,-0.424,-0.386,-0.55,-0.17,NA,0.432,NA,-0.556,NA,0.226,-0.027,-0.027,-0.54,-0.291,-0.583,-0.583,-0.551,-0.099,1.151,0.783,-0.202,-0.54,NA,0.369,0.346,0.346
GX062-T2F,-0.047,0.062,0.011,0.011,-0.021,-0.021,-0.052,-0.052,0.017,-0.086,-0.064,-0.034,0.011,0.03,0.006,0.046,-0.023,-0.021,-0.068,-0.052,-0.013,-0.013,-0.004,-0.011,NA,0.071,NA,-0.029,NA,-0.041,-0.012,-0.05,-0.04,-0.039,-0.014,-0.014,-0.051,-0.028,0.074,0.074,-0.066,-0.07,NA,-0.086,-0.227,-0.227
GX062-T2O,-0.276,0.409,0.11,0.076,0.036,-0.008,-0.234,-0.366,0.289,-0.236,0.223,-0.292,0.18,0.264,-0.251,0.126,-0.512,-0.353,-0.165,-0.26,-0.172,-0.173,-0.277,-0.318,NA,0.7,NA,-0.151,NA,-0.447,-0.141,-0.23,-0.213,-0.25,0.298,-0.127,-0.222,-0.093,0.728,0.982,-0.889,-0.824,NA,-0.424,-0.27,-0.27
GX062-TF,-0.149,0.448,0.082,0.048,-0.03,-0.109,-0.075,-0.137,0.018,-0.288,-0.047,-0.209,0.24,0.093,-0.094,0.11,-0.242,-0.076,-0.208,-0.22,-0.136,-0.136,-0.063,-0.063,NA,0.507,NA,-0.15,NA,-0.147,-0.087,-0.087,-0.174,-0.18,0.196,0.021,-0.177,-0.085,0.335,0.565,-0.592,-0.41,NA,-0.179,-0.237,-0.237
GX062-TO,-0.466,0.553,0.197,0.062,-0.001,-0.112,-0.336,-0.421,-0.029,-0.289,-0.529,-0.487,0.215,0.216,-0.432,0.241,-0.474,-0.19,-0.148,-0.13,-0.488,-0.488,-0.118,-0.112,NA,0.801,NA,-0.13,NA,0.03,-0.494,-0.494,-0.716,-0.44,-0.042,-0.383,-0.102,0.08,0.439,0.868,-0.406,-2.047,NA,-0.117,0.269,0.269
GX066-TF,-0.014,0.06,-0.026,-0.007,-0.181,0.061,-0.109,-0.01,0.185,-0.108,-0.144,-0.17,-0.041,0.063,-0.039,0.212,-0.058,-0.058,-0.181,-0.17,-0.079,-0.095,-0.002,0.058,NA,-0.12,NA,0.045,NA,-0.068,-0.093,-0.093,-0.04,0.038,-0.059,-0.059,0.047,0.051,0.031,0.204,-0.177,-0.165,NA,-0.205,-0.145,-0.005
GX066-TO,0.137,0.422,-0.153,-0.074,-0.752,0.15,-0.111,-0.004,0.687,-0.25,-0.274,-0.273,-0.033,-0.036,-0.697,0.292,-0.59,-0.135,-0.689,-0.696,-0.602,-0.615,-0.1,0.094,NA,-0.311,NA,0.185,NA,-0.372,-0.208,-0.208,-0.217,0.198,-0.052,-0.238,0.063,0.058,0.224,0.697,0.738,-0.815,NA,-0.545,0.145,0.469
GX068-T2F,-0.08,0.118,-0.206,0.002,-0.154,0.071,-0.32,-0.208,0.297,-0.164,-0.122,0.027,0.138,0.007,-0.034,0.117,-0.172,-0.2,-0.18,-0.222,-0.138,0.149,-0.129,-0.02,NA,0.206,NA,0.087,NA,-0.168,-0.028,0.162,-0.398,0.104,0.149,-0.31,-0.236,-0.133,0.394,0.544,-0.276,-0.287,NA,-0.106,-0.027,-0.279
GX068-T2O,-0.145,0.062,-0.49,-0.029,-0.467,0.37,-0.695,-0.802,0.433,-0.156,0.123,0.313,0.175,-0.162,0.071,0.496,-0.432,-0.391,-0.357,-0.388,-0.498,0.01,-0.15,0.022,NA,0.151,NA,-0.338,NA,-0.163,0.002,0.222,-0.567,-0.117,-0.335,-0.673,-0.138,-0.028,0.815,0.875,-0.151,-0.151,NA,0.082,-0.41,0.407
GX068-TF,-0.06,-0.035,-0.273,-0.187,-0.089,0.071,-0.364,-0.317,0.55,-0.18,-0.09,-0.134,0.236,0.24,-0.462,-0.102,-0.447,-0.47,0.241,-0.217,-0.08,0.287,-0.143,0.035,NA,-0.101,NA,0.439,NA,-0.368,0.265,0.279,-0.366,-0.34,0.134,-0.59,0.105,0.475,0.577,0.476,-0.327,-0.327,NA,-0.152,0.144,-0.167
GX068-TO,0.021,-0.035,-0.352,-0.243,-0.218,-0.002,-0.536,-0.457,0.537,-0.225,-0.099,-0.042,0.319,0.068,-0.347,0.301,-0.55,-0.557,0.264,-0.536,-0.197,0.181,-0.172,0.049,NA,-0.047,NA,0.382,NA,-0.306,0.125,0.391,-0.764,-0.17,-0.159,-0.681,-0.246,0.24,0.654,0.654,-0.543,-0.543,NA,-0.175,0.166,0.035
GX069-TF,0.013,0.099,-0.008,-0.008,-0.07,0.11,-0.084,-0.036,-0.039,-0.039,0.019,0.019,-0.028,-0.028,0.104,0.075,0.084,0.067,-0.02,-0.02,-0.007,0.002,-0.112,0.047,NA,0.052,NA,-0.045,NA,-0.088,-0.064,-0.064,-0.162,0.003,0.081,0.081,-0.171,-0.07,0.152,0.152,-0.141,-0.141,NA,-0.094,-0.079,-0.079
GX069-TO,0.015,0.052,-0.048,-0.048,-0.216,0.275,-0.606,-0.606,-0.073,-0.613,-0.035,-0.58,-0.08,-0.046,0.338,0.219,0.322,0.322,0.089,-0.056,-0.027,0.064,-0.624,0.27,NA,0.34,NA,-0.054,NA,-0.065,-0.05,-0.05,-0.624,0.142,0.021,-0.023,-0.545,-0.545,0.686,0.686,0.111,-0.615,NA,-0.052,0.184,0.184
GX070-TF,-0.006,0.019,-0.009,0.018,0.001,0.001,0.013,0.013,0.013,0.013,0.016,0.016,-0.005,-0.005,0.006,0.006,-0.007,-0.007,-0.008,-0.008,0.004,0.004,0.0,0.0,NA,0.015,NA,-0.011,NA,-0.011,-0.029,-0.029,-0.025,-0.025,0.012,0.012,-0.064,-0.064,-0.008,-0.008,-0.007,-0.007,NA,-0.048,0.061,0.061
GX070-TO,-0.02,-0.015,-0.035,-0.036,-0.032,-0.025,-0.033,-0.026,-0.045,-0.042,-0.017,-0.023,-0.022,-0.024,-0.045,-0.033,-0.006,0.011,-0.042,-0.039,-0.021,-0.017,-0.025,-0.023,NA,-0.014,NA,-0.023,NA,-0.042,-0.033,-0.02,-0.025,-0.034,-0.043,-0.029,-0.014,-0.012,-0.022,-0.022,-0.015,-0.02,NA,-0.055,0.829,0.829
GX072-TF,-0.471,0.093,-0.169,-0.192,-0.109,-0.093,-0.459,-0.459,0.702,-0.178,0.212,0.212,0.159,0.159,0.12,0.137,0.038,0.027,0.034,0.034,0.158,-0.394,-0.127,-0.149,NA,0.748,NA,0.023,NA,-0.279,0.048,0.109,-0.415,-0.05,-0.622,-0.541,0.037,0.137,1.235,0.689,-0.513,-0.513,NA,-0.188,-0.331,-0.331
GX072-TO,-0.495,0.122,-0.03,-0.414,-0.439,-0.439,-0.519,-0.519,0.777,-0.206,0.079,0.079,0.063,0.063,0.049,0.049,-0.012,-0.012,0.04,0.04,0.218,-0.416,-0.009,-0.032,NA,0.44,NA,0.126,NA,-0.022,-0.042,-0.013,-0.498,-0.014,-1.146,-1.055,0.202,0.12,1.307,0.8,-0.936,-0.7,NA,-0.025,-0.095,-0.06
H001-NO,0.024,-0.028,-0.052,-0.052,-0.051,-0.055,-0.052,-0.052,-0.058,-0.058,-0.026,-0.077,-0.054,-0.018,-0.058,-0.058,-0.044,-0.034,-0.041,-0.054,-0.023,-0.059,-0.104,-0.043,NA,-0.034,NA,-0.005,NA,-0.012,0.03,0.03,0.078,0.084,-0.11,-0.006,0.101,0.101,-0.011,-0.011,0.048,0.048,NA,0.068,-0.271,-0.244
H001-NOL,0.01,-0.027,-0.04,-0.04,-0.03,-0.034,-0.034,-0.047,-0.03,-0.03,-0.035,-0.035,-0.015,-0.015,-0.042,-0.038,-0.041,-0.02,-0.014,-0.014,-0.018,-0.016,-0.011,-0.011,NA,-0.045,NA,-0.008,NA,-0.004,0.044,0.031,0.057,0.057,-0.037,-0.037,0.057,0.051,0.022,0.022,0.024,0.024,NA,0.08,-0.2,-0.2
H001-TF,-0.105,-0.075,-0.109,-0.022,-0.089,-0.089,-0.141,-0.19,-0.135,-0.135,0.152,0.009,0.149,0.149,-0.335,0.568,-0.139,-0.127,-0.121,-0.121,-0.12,-0.107,0.095,0.131,NA,0.163,NA,-0.123,NA,-0.103,0.022,0.037,-0.063,0.243,-0.156,-0.156,-0.001,-0.001,-0.035,0.26,-0.09,-0.09,NA,-0.046,-0.237,-0.237
H001-TO,-0.226,-0.266,0.289,0.168,-0.277,0.208,-0.206,-1.05,-0.287,-0.025,0.3,-0.307,0.302,0.298,-1.02,0.275,-0.27,-0.251,-0.249,-0.249,-0.208,-0.146,0.311,0.311,NA,0.662,NA,-0.242,NA,-0.227,0.832,-0.186,-0.167,0.011,-0.265,-0.489,-0.118,-0.118,-0.247,0.309,-0.203,-0.203,NA,-0.13,-0.056,-0.74
H001-TOL,-0.346,-0.257,0.303,0.184,-0.264,0.277,-0.224,-1.148,-0.271,0.031,0.337,-0.282,0.28,0.28,-1.004,0.32,-0.248,-0.229,-0.249,-0.249,-0.252,-0.129,0.28,0.336,NA,0.674,NA,-0.221,NA,-0.215,0.736,-0.17,-0.155,-0.046,-0.276,-0.494,-0.165,-0.152,-0.227,0.353,-0.22,-0.22,NA,-0.129,-0.055,-0.411
H002-TF,0.001,0.001,-0.022,-0.022,-0.007,-0.007,-0.011,-0.011,-0.016,-0.016,-0.006,-0.006,-0.011,-0.014,-0.008,-0.008,-0.006,-0.006,-0.006,-0.006,-0.001,-0.001,0.005,0.005,NA,-0.017,NA,0.012,NA,0.003,0.019,0.019,0.014,0.014,-0.396,-0.298,0.041,0.041,0.004,0.004,0.007,0.007,NA,0.012,-0.005,-0.005
H002-TO,0.028,0.001,-0.063,-0.063,-0.025,-0.064,-0.077,-0.093,-0.061,-0.051,-0.049,-0.049,-0.053,-0.035,-0.082,-0.078,-0.05,-0.029,-0.036,-0.036,-0.039,-0.05,-0.015,-0.015,NA,-0.055,NA,-0.015,NA,-0.002,0.032,0.021,0.075,0.09,-0.703,-0.559,0.104,0.104,-0.005,-0.005,0.06,0.06,NA,0.097,-0.032,-0.032
H003-NO,0.016,-0.056,-0.057,-0.07,-0.059,-0.072,-0.069,-0.069,-0.075,-0.08,-0.052,-0.091,-0.078,-0.049,-0.054,-0.054,-0.051,-0.034,-0.04,-0.04,-0.024,-0.054,-0.081,-0.052,NA,-0.053,NA,-0.029,NA,-0.01,0.045,0.006,0.107,0.105,-0.104,-0.023,0.198,0.137,-0.045,-0.045,0.066,0.066,NA,0.065,-0.134,-0.134
H003-NOL,-0.008,-0.047,-0.053,-0.053,-0.058,-0.055,-0.047,-0.059,-0.046,-0.046,-0.048,-0.048,-0.049,-0.057,-0.06,-0.056,-0.042,-0.022,-0.05,-0.05,-0.054,-0.041,-0.016,-0.016,NA,-0.065,NA,-0.02,NA,-0.015,0.03,0.022,0.062,0.062,-0.047,-0.047,0.115,0.115,-0.017,-0.017,0.027,0.027,NA,0.063,-0.059,-0.059
H003-T1F,-0.096,-0.056,-0.052,-0.052,-0.037,-0.013,-0.131,-0.254,-0.104,-0.104,-0.061,-0.061,0.349,0.34,0.229,0.229,-0.084,-0.084,-0.056,-0.056,-0.193,-0.094,-0.072,-0.098,NA,0.418,NA,-0.622,NA,-0.037,-0.072,-0.003,-0.58,-0.03,-0.663,-0.663,0.025,0.039,-0.667,0.993,0.006,-0.366,NA,-0.055,0.33,0.33
H003-T1O,-0.102,-0.079,0.051,0.051,-0.25,0.086,-0.367,-0.382,-0.047,-0.079,-0.025,-0.093,0.747,0.444,-0.023,-0.017,-0.257,-0.231,-0.061,-0.061,-0.813,-0.493,0.023,-0.02,NA,0.691,NA,-0.862,NA,0.007,-0.19,0.028,-0.689,-0.329,-0.906,-0.906,0.129,0.129,-0.89,1.29,-0.374,-0.672,NA,-0.181,0.478,0.478
H003-T1OL,-0.304,-0.292,0.087,0.087,0.044,0.02,-0.398,-0.412,0.079,0.079,0.071,0.01,0.661,0.468,0.075,0.081,-0.298,-0.272,-0.039,-0.044,-0.612,-0.413,-0.268,-0.285,NA,0.635,NA,-0.808,NA,-0.021,-0.216,0.026,-0.193,-0.179,-0.869,-0.869,0.277,0.277,-0.848,1.133,-0.034,-0.752,NA,-0.166,0.336,0.336
H003-T2O,0.075,0.1,0.135,0.097,0.122,0.087,-0.317,-0.341,-0.288,-0.288,0.116,0.02,0.655,0.658,0.087,0.093,0.122,0.161,0.081,-0.078,-0.817,-0.764,-0.299,-0.222,NA,0.756,NA,-0.772,NA,-0.032,-0.146,-0.179,-0.699,-0.587,-0.85,-0.85,-0.174,-0.1,-0.816,0.84,0.104,-0.689,NA,-0.588,0.385,0.385
H005-NO,0.024,-0.018,-0.051,-0.04,-0.063,-0.056,-0.048,-0.062,-0.064,-0.067,-0.041,-0.082,-0.061,-0.001,-0.066,-0.061,-0.046,-0.033,-0.025,-0.025,-0.016,-0.035,-0.017,-0.02,NA,-0.031,NA,-0.009,NA,-0.003,0.052,-0.008,0.083,0.076,-0.101,-0.019,0.115,0.115,-0.097,-0.028,0.042,0.042,NA,0.045,-0.267,-0.243
H005-NOL,0.001,-0.012,-0.025,-0.025,-0.024,-0.024,-0.024,-0.024,-0.023,-0.023,-0.02,-0.02,-0.023,-0.023,-0.027,-0.03,0.0,-0.006,-0.025,-0.025,-0.026,-0.02,-0.016,-0.016,NA,-0.022,NA,-0.012,NA,0.002,-0.013,-0.002,0.007,0.007,-0.036,-0.036,0.038,0.053,-0.016,-0.016,-0.018,-0.018,NA,0.013,-0.154,-0.154
H005-TF,-0.497,-0.084,-0.098,-0.098,-0.103,-0.111,-0.112,-0.112,-0.105,-0.105,0.222,0.222,0.043,0.048,0.148,0.151,0.167,0.181,-0.177,-0.259,0.006,0.072,-0.083,-0.083,NA,0.724,NA,-0.523,NA,-0.099,0.287,0.279,-0.469,-0.03,-0.582,-1.177,0.013,0.013,-0.537,1.143,-0.514,-0.514,NA,-0.041,0.599,0.599
H005-TO,-0.564,-0.052,-0.062,-0.062,-0.143,-0.147,-0.168,-0.168,-0.119,-0.119,0.078,0.078,0.177,0.177,0.274,0.278,0.019,0.03,-0.09,-0.09,-0.227,-0.113,-0.045,-0.045,NA,0.821,NA,-0.618,NA,-0.096,0.364,0.364,-0.545,-0.017,-0.64,-1.53,0.005,0.005,-0.728,1.272,-0.54,-0.54,NA,-0.15,0.722,0.722
H005-TOL,-0.254,0.428,-0.192,-0.192,0.129,0.112,-0.296,-0.296,-0.247,-0.247,-0.23,-0.234,0.144,0.143,0.706,0.713,0.125,0.141,-0.216,-0.216,-0.309,-0.202,-0.2,-0.2,NA,0.727,NA,-0.755,NA,-0.249,0.214,0.202,-0.705,-0.186,-0.235,-0.782,-0.106,-0.106,-0.798,1.156,-0.2,-0.2,NA,-0.143,0.603,0.603
H006-NO,0.016,-0.027,-0.051,-0.041,-0.056,-0.057,-0.035,-0.041,-0.059,-0.067,-0.022,-0.069,-0.064,-0.03,-0.036,-0.036,-0.041,-0.031,-0.076,-0.034,-0.012,-0.039,-0.041,-0.027,NA,-0.043,NA,-0.011,NA,-0.014,0.012,-0.006,0.084,0.088,-0.121,-0.033,0.096,0.074,-0.135,-0.025,0.051,0.051,NA,0.053,-0.271,-0.246
H006-NOL,-0.013,-0.013,-0.025,-0.025,-0.03,-0.262,-0.004,-0.004,-0.013,-0.022,-0.02,-0.02,-0.027,-0.027,-0.031,-0.031,-0.011,-0.011,-0.034,-0.034,-0.023,-0.023,-0.023,-0.023,NA,-0.031,NA,-0.033,NA,-0.007,-0.007,-0.007,0.011,0.011,-0.031,-0.031,0.054,0.054,-0.026,-0.026,0.01,0.01,NA,0.017,-0.143,-0.143
H006-T1F,-0.206,-0.028,-0.005,0.031,-0.24,-0.042,-0.324,-0.112,-0.109,-0.238,0.167,-0.0,0.351,0.103,-0.301,0.16,-0.195,-0.195,-0.039,-0.24,0.021,0.255,0.021,-0.011,NA,0.399,NA,-0.067,NA,-0.203,0.147,0.326,0.088,0.023,-0.253,-0.253,-0.056,-0.013,0.285,0.68,-0.04,-0.04,NA,-0.228,0.038,0.092
H006-T1O,-0.494,-0.032,0.002,0.034,-0.526,-0.081,-0.772,-0.429,-0.369,-0.537,0.316,-0.08,0.631,0.202,-0.723,0.236,-0.486,-0.486,0.034,-0.519,-0.071,0.418,0.109,0.037,NA,0.798,NA,-0.446,NA,-0.479,0.267,0.248,0.008,0.089,-0.568,-0.568,0.123,0.186,0.621,1.169,-0.072,-0.072,NA,-0.448,0.34,0.33
H006-T2F,-0.288,0.26,0.074,0.114,-0.371,0.016,-0.941,-0.123,-0.305,-0.328,0.428,-0.168,0.671,-0.063,-0.759,0.481,-0.309,-0.309,0.069,-0.333,-0.283,-0.014,0.164,0.103,NA,0.275,NA,-0.333,NA,-0.312,0.3,0.093,-0.472,0.153,-0.333,-0.719,-0.138,0.43,-0.117,0.811,-0.153,0.051,NA,-0.281,0.262,0.046
H006-T2O,-0.373,0.122,0.125,0.125,-0.406,-0.201,-1.296,-0.381,-0.367,-0.436,0.388,-0.155,0.704,-0.118,-1.165,0.471,-0.404,-0.383,0.152,-0.402,-0.412,0.237,0.051,-0.03,NA,0.412,NA,-0.382,NA,-0.389,0.139,0.003,-0.417,0.215,-0.444,-1.063,0.287,0.24,0.121,1.167,-0.308,-0.032,NA,-0.31,0.389,0.44
H006-T2OL,-0.452,0.061,0.05,0.055,-0.474,-0.025,-0.667,-0.456,0.004,-0.252,0.361,0.064,0.215,0.062,-0.51,0.013,-0.464,-0.446,0.057,-0.477,-0.063,0.179,0.145,0.075,NA,0.571,NA,-0.066,NA,-0.456,0.44,0.055,0.122,-0.289,-0.525,-0.525,0.178,0.178,0.656,1.206,-0.065,-0.065,NA,-0.394,0.298,0.296
H007-NO,0.014,-0.024,-0.025,-0.044,-0.056,-0.044,-0.043,-0.043,-0.071,-0.069,-0.031,-0.071,-0.067,-0.019,-0.047,-0.047,-0.055,-0.035,-0.038,-0.038,-0.018,-0.024,-0.09,-0.031,NA,-0.041,NA,-0.018,NA,-0.024,0.015,0.001,0.069,0.072,-0.1,-0.032,0.14,0.053,-0.12,-0.02,0.03,0.03,NA,0.024,-0.29,-0.24
H007-NOL,0.004,-0.022,-0.025,-0.025,-0.021,-0.029,-0.031,-0.031,-0.036,-0.036,-0.033,-0.033,-0.025,-0.029,-0.04,-0.04,-0.035,-0.021,-0.032,-0.032,-0.025,-0.013,-0.016,-0.016,NA,-0.044,NA,-0.027,NA,-0.017,0.006,-0.004,0.032,0.032,-0.054,-0.054,0.087,0.087,-0.032,-0.032,-0.023,-0.023,NA,0.031,-0.18,-0.18
H007-T1F,-0.072,0.066,-0.106,-0.106,0.061,0.053,-0.29,-0.122,0.201,-0.303,0.051,0.051,0.048,0.048,0.031,0.002,0.258,0.005,0.029,0.029,-0.108,-0.106,0.06,0.06,NA,0.064,NA,0.031,NA,-0.304,0.071,0.071,-0.26,0.123,-0.142,-0.485,0.092,0.083,-0.034,0.146,0.025,0.025,NA,0.07,-0.085,-0.085
H007-T1O,-0.08,0.089,-0.115,-0.115,0.081,0.027,-0.472,-0.202,0.162,-0.772,-0.085,-0.106,0.241,0.24,0.026,0.134,0.376,0.053,0.051,0.051,-0.156,-0.144,-0.03,-0.032,NA,0.128,NA,-0.097,NA,-0.423,0.061,-0.193,-0.785,0.181,-0.895,-0.895,0.02,0.119,0.24,0.585,0.055,0.055,NA,0.128,0.336,0.336
H007-T1OL,-0.033,-0.078,-0.077,-0.077,0.186,0.208,-0.645,-0.212,-0.128,-0.685,-0.08,-0.102,0.306,0.308,0.288,0.251,0.216,-0.197,0.283,0.283,-0.082,-0.078,0.053,-0.06,NA,0.319,NA,-0.074,NA,-0.637,-0.077,-0.086,-0.536,0.05,-0.672,-0.672,0.064,-0.001,0.327,0.327,-0.097,-0.097,NA,-0.018,0.178,0.178
H007-T2O,-0.119,0.222,-0.195,-0.195,0.207,0.068,-0.771,-0.289,0.345,-0.79,-0.163,-0.205,0.199,0.158,-0.07,0.156,0.572,-0.102,0.153,0.202,-0.176,-0.173,-0.064,0.048,NA,0.185,NA,-0.169,NA,-0.731,-0.104,-0.572,-0.67,0.296,-0.78,-0.78,-0.019,0.274,0.175,0.263,0.155,0.155,NA,0.276,0.05,0.05
H008-LNO,-0.241,-0.268,0.265,0.236,0.226,0.191,-0.384,-0.49,0.228,-0.258,0.038,0.178,0.529,0.258,0.226,0.23,-0.28,-0.275,-0.324,-0.248,0.034,0.035,-0.247,-0.247,NA,0.243,NA,-0.334,NA,-0.27,0.342,0.356,-1.073,-0.216,-0.922,-0.922,-0.147,-0.168,-0.206,0.898,0.289,0.289,NA,-0.14,0.2,0.2
H008-N1O,0.015,-0.019,-0.039,-0.025,-0.05,-0.05,-0.013,-0.013,-0.054,-0.06,-0.041,-0.073,-0.055,-0.006,-0.033,-0.033,-0.023,-0.021,-0.048,-0.043,-0.012,-0.021,-0.028,-0.025,NA,0.004,NA,-0.024,NA,-0.012,0.004,-0.015,0.058,0.033,-0.117,-0.009,0.107,0.057,-0.043,-0.043,0.038,0.038,NA,0.017,-0.094,-0.085
H008-N1OL,-0.008,-0.008,-0.021,-0.021,-0.026,-0.026,-0.028,-0.028,-0.023,-0.023,-0.025,-0.025,-0.017,-0.017,-0.031,-0.031,-0.009,-0.009,-0.015,-0.015,-0.011,-0.011,-0.014,-0.014,NA,-0.032,NA,-0.028,NA,-0.012,-0.001,-0.001,0.009,0.009,-0.039,-0.039,0.053,0.053,-0.022,-0.022,-0.016,-0.016,NA,-0.0,-0.036,-0.036
H008-T1F,-0.174,-0.174,0.122,0.134,0.147,0.147,-0.21,-0.179,0.147,-0.137,0.128,0.128,0.327,0.101,0.135,0.135,-0.183,-0.192,-0.19,-0.19,0.158,0.158,-0.182,-0.182,NA,0.134,NA,-0.204,NA,-0.19,0.419,0.419,-0.527,-0.115,-0.624,-0.624,-0.162,-0.162,-0.203,0.831,-0.182,-0.182,NA,-0.059,0.074,0.074
H008-T1O,-0.339,-0.339,0.18,0.095,-0.003,0.002,-0.365,-0.365,-0.107,-0.329,0.185,0.163,0.819,0.168,-0.398,0.539,-0.349,-0.349,-0.354,-0.354,0.203,0.154,-0.347,-0.347,NA,0.188,NA,-0.412,NA,-0.08,0.605,0.605,-0.412,0.155,-0.475,-0.475,-0.29,-0.29,0.015,1.015,-0.194,-0.194,NA,-0.235,0.072,0.072
H008-T1OL,-0.26,-0.26,0.276,-0.246,0.513,0.27,-0.293,-0.324,0.372,-0.253,0.273,0.273,0.917,0.24,-0.934,0.677,-0.278,-0.266,-0.273,-0.273,0.102,0.088,-0.051,-0.258,NA,0.254,NA,-0.359,NA,-0.25,0.311,0.276,-0.281,-0.177,-0.599,-0.323,-0.182,-0.19,-0.229,0.765,-0.172,-0.172,NA,-0.078,-0.294,-0.289
H008-T2F,-0.161,-0.168,0.131,0.144,0.11,0.118,-0.273,-0.193,0.094,-0.166,0.097,0.105,0.31,0.108,0.129,0.129,-0.187,-0.187,-0.175,-0.175,0.156,0.151,-0.154,-0.154,NA,0.099,NA,-0.158,NA,-0.16,0.436,0.388,-0.49,-0.135,-0.556,-0.556,-0.234,-0.22,-0.248,0.909,-0.069,-0.086,NA,-0.06,0.033,0.019
H008-T2O,-0.199,-0.255,0.27,0.256,0.23,0.21,-0.436,-0.338,0.304,-0.222,0.256,0.256,0.303,0.29,0.255,0.257,-0.302,-0.263,-0.225,-0.25,-0.193,-0.107,-0.252,-0.203,NA,0.262,NA,-0.273,NA,-0.228,0.361,0.284,-1.045,-0.166,-0.965,-0.965,-0.289,-0.302,-0.262,1.222,-0.266,-0.266,NA,-0.111,0.142,0.127
H009-NO,0.006,-0.035,-0.049,-0.02,-0.054,-0.035,-0.041,-0.041,-0.072,-0.068,-0.032,-0.073,-0.046,-0.021,-0.064,-0.018,-0.053,-0.038,-0.032,-0.032,-0.02,-0.009,-0.02,-0.02,NA,-0.041,NA,-0.027,NA,-0.018,0.015,-0.001,0.082,0.068,-0.138,-0.042,0.149,0.064,-0.167,-0.039,0.022,0.022,NA,0.04,-0.116,-0.116
H009-NOL,0.007,-0.029,-0.034,-0.034,-0.023,-0.027,-0.042,-0.042,-0.037,-0.037,-0.04,-0.04,-0.026,-0.026,-0.042,-0.042,-0.031,-0.014,-0.021,-0.021,-0.013,-0.014,-0.013,-0.013,NA,-0.039,NA,-0.014,NA,-0.071,0.008,-0.003,0.062,0.051,-0.055,-0.055,0.072,0.038,-0.007,-0.007,-0.016,-0.016,NA,0.048,-0.066,-0.066
H009-TF,0.052,0.052,0.034,0.034,0.06,0.209,-0.006,-0.247,0.385,-0.458,0.04,0.04,0.322,0.502,-0.477,0.418,0.045,0.045,0.03,0.03,0.064,0.139,0.041,0.041,NA,0.391,NA,0.035,NA,-0.471,0.054,0.054,-0.417,0.073,-0.499,-0.499,-0.357,-0.382,-0.524,0.259,0.03,0.03,NA,0.069,-0.518,-0.518
H009-TO,0.03,-0.086,0.078,0.078,-0.045,-0.014,-0.568,-0.689,0.792,-0.473,0.026,0.099,0.585,0.878,-0.776,0.526,-0.314,0.08,-0.126,-0.075,0.053,0.181,-0.027,-0.061,NA,0.233,NA,0.197,NA,-0.686,-0.087,-0.25,-0.694,0.214,-0.672,-0.672,-0.655,-0.352,-0.533,0.191,-0.026,-0.026,NA,0.206,-0.893,-0.893
H009-TOL,-0.017,-0.165,0.128,0.128,-0.11,-0.448,-0.415,-0.578,0.585,-0.504,-0.098,-0.098,0.677,0.96,-0.698,0.742,-0.479,0.023,0.148,0.205,0.081,0.217,-0.066,-0.144,NA,0.245,NA,0.084,NA,-0.715,-0.143,-0.373,-0.62,0.312,-0.752,-0.752,-0.649,-0.165,-0.771,0.272,0.207,0.207,NA,-0.078,-0.786,-0.786
H010-NO,0.023,-0.044,-0.056,-0.057,-0.065,-0.062,-0.061,-0.076,-0.083,-0.087,-0.056,-0.106,-0.066,-0.031,-0.072,-0.067,-0.052,-0.033,-0.028,-0.028,-0.025,-0.038,-0.067,-0.042,NA,-0.033,NA,-0.018,NA,-0.014,0.035,-0.011,0.104,0.104,-0.118,-0.036,0.179,0.106,-0.107,-0.007,0.032,0.032,NA,0.086,-0.256,-0.256
H010-NOL,-0.002,-0.029,-0.032,-0.032,-0.03,-0.03,-0.049,-0.049,-0.036,-0.036,-0.039,-0.039,-0.026,-0.04,-0.04,-0.04,-0.017,-0.017,-0.024,-0.024,-0.035,-0.015,-0.012,-0.012,NA,-0.049,NA,-0.027,NA,-0.008,0.019,0.019,0.041,0.041,-0.051,-0.051,0.095,0.095,-0.016,-0.016,-0.027,-0.027,NA,0.041,-0.178,-0.178
H010-TF,-0.169,-0.138,-0.163,-0.163,0.104,0.104,-0.153,-0.153,-0.266,-0.266,0.138,0.138,0.303,-0.121,-0.786,0.988,-0.169,-0.169,-0.23,-0.23,0.102,0.102,-0.104,0.084,NA,0.129,NA,0.056,NA,-0.167,0.053,0.053,-0.37,-0.178,-0.523,-0.523,-0.126,0.086,0.903,0.903,-0.221,-0.221,NA,-0.226,0.047,0.047
H010-TO,-0.192,-0.23,-0.226,-0.226,-0.042,-0.044,-0.285,-0.285,-0.271,-0.269,0.118,0.118,0.365,-0.229,-1.306,1.186,-0.253,-0.233,-0.241,-0.241,-0.043,-0.039,-0.25,0.12,NA,0.077,NA,0.128,NA,-0.215,0.206,0.206,-0.318,-0.127,-0.813,-0.813,-0.08,0.23,1.167,1.167,-0.234,-0.234,NA,-0.15,0.007,0.007
H010-TOL,-0.131,-0.169,-0.115,-0.115,-0.208,-0.045,-0.222,-0.276,-0.144,-0.127,0.194,0.147,-0.113,-0.164,-1.293,0.861,-0.183,-0.17,-0.175,-0.175,-0.181,-0.179,-0.205,0.079,NA,0.12,NA,-0.035,NA,-0.152,0.277,0.277,-0.453,-0.076,-0.478,-0.478,-0.04,0.152,1.129,1.129,-0.186,-0.186,NA,-0.099,0.066,0.222
H011-LNO,-0.466,0.147,0.042,-0.024,-0.003,-0.034,-0.617,-0.637,-0.029,-0.029,-0.045,-0.073,0.115,0.102,-1.179,0.573,-0.004,0.087,-0.02,0.029,0.116,0.089,0.151,0.154,NA,0.352,NA,-0.352,NA,-0.293,0.147,0.123,-0.417,-0.255,0.078,-0.688,0.234,0.19,-0.541,0.192,-0.367,-0.367,NA,-0.348,0.028,0.028
H011-NO,0.052,-0.098,-0.055,-0.055,-0.071,-0.083,-0.078,-0.095,-0.077,-0.076,-0.083,-0.084,-0.037,-0.035,-0.086,-0.053,-0.061,-0.029,-0.06,-0.044,-0.035,-0.054,-0.079,-0.031,NA,-0.031,NA,-0.022,NA,-0.007,0.08,-0.011,0.162,0.124,-0.117,-0.028,0.201,0.123,-0.137,0.03,0.085,0.085,NA,0.142,-0.17,-0.17
H011-NOL,0.016,-0.061,-0.069,-0.069,-0.048,-0.073,-0.083,-0.097,-0.061,-0.061,-0.058,-0.088,-0.043,-0.052,-0.069,-0.064,-0.048,-0.013,-0.039,-0.039,-0.051,-0.041,-0.023,-0.017,NA,-0.065,NA,-0.035,NA,-0.013,0.05,0.034,0.098,0.099,-0.066,-0.066,0.188,0.16,-0.064,0.066,0.029,0.029,NA,0.14,-0.132,-0.132
H011-T2F,-0.073,-0.108,-0.003,0.001,-0.059,0.056,-0.429,-0.429,0.03,0.033,0.065,0.024,0.115,0.123,-0.559,0.594,-0.069,-0.008,-0.107,-0.107,0.108,0.105,0.111,0.13,NA,-0.129,NA,-0.118,NA,0.062,-0.03,-0.096,-0.309,-0.021,0.14,-0.207,-0.011,-0.03,-0.417,0.313,-0.173,-0.173,NA,-0.246,-0.152,-0.097
H011-T2O,-0.12,-0.207,-0.069,-0.064,-0.052,0.164,-0.735,-0.76,0.095,0.117,-0.114,-0.147,0.159,0.162,-1.219,0.906,-0.196,-0.131,-0.247,-0.145,0.176,0.174,0.131,0.169,NA,-0.247,NA,-0.18,NA,0.073,-0.073,-0.352,-0.618,-0.028,0.09,-0.482,0.061,0.009,-0.781,0.445,-0.222,-0.229,NA,-0.426,-0.08,-0.046
H011-T2OL,-0.107,-0.191,0.107,0.089,0.076,0.382,-0.781,-0.798,0.075,0.075,-0.026,-0.05,0.108,-0.005,-1.291,0.662,-0.2,-0.139,-0.21,-0.051,0.132,0.121,0.102,0.11,NA,-0.261,NA,-0.209,NA,0.132,-0.046,-0.119,-0.572,-0.019,-0.028,-0.48,0.038,0.038,-0.76,0.596,-0.218,-0.218,NA,-0.407,-0.164,-0.122
H011-TO,-0.473,-0.02,-0.016,-0.032,-0.048,-0.05,-0.643,-0.657,-0.058,-0.062,-0.163,-0.176,0.012,-0.032,-1.015,0.781,0.277,0.332,0.0,0.0,0.056,0.013,-0.015,-0.028,NA,0.326,NA,-0.555,NA,0.03,0.126,0.04,-0.355,-0.069,-0.069,-0.497,0.209,0.146,-0.351,0.542,-0.505,-0.459,NA,-0.397,0.007,0.007
H012-LNO,-0.23,-0.109,0.101,0.26,-0.138,-0.142,-0.144,-0.282,-0.152,-0.154,-0.139,-0.139,0.257,0.257,0.224,0.224,-0.144,-0.144,0.089,0.255,0.039,-0.145,0.242,0.242,NA,0.248,NA,-0.154,NA,-0.159,-0.153,-0.153,-0.666,0.243,-0.706,-0.706,-0.173,-0.169,0.167,0.167,-0.14,-0.14,NA,-0.162,0.289,0.111
H012-T1F,-0.357,0.127,0.068,0.199,-0.084,-0.065,-0.074,-0.13,-0.071,-0.071,-0.171,-0.114,0.222,0.198,0.204,0.204,-0.023,-0.037,0.088,0.207,0.062,-0.077,0.156,0.156,NA,0.008,NA,-0.129,NA,-0.43,0.098,0.098,-0.499,-0.06,-0.408,-0.408,-0.216,-0.151,0.194,0.194,0.09,0.09,NA,-0.151,0.267,0.148
H012-T1O,-0.473,0.257,0.093,0.253,-0.121,-0.112,-0.102,-0.247,-0.127,-0.131,-0.451,-0.453,0.266,0.266,0.228,0.228,-0.072,-0.072,0.119,0.283,0.064,-0.118,0.204,0.204,NA,0.144,NA,-0.162,NA,-0.289,0.19,0.19,-0.675,0.139,-0.674,-0.674,-0.476,-0.392,0.254,0.254,-0.401,-0.401,NA,-0.148,0.282,0.134
H012-T2O,-0.278,0.402,-0.174,-0.024,-0.077,-0.074,-0.144,-0.185,-0.078,-0.1,-0.095,-0.071,0.644,0.49,-0.061,-0.061,-0.084,-0.084,0.103,0.119,0.102,-0.046,-0.037,-0.008,NA,-0.057,NA,-0.079,NA,-0.073,-0.025,-0.059,-0.897,-0.026,-0.112,-0.112,-0.063,-0.077,-0.04,-0.04,-0.071,-0.073,NA,-0.093,-0.102,-0.27
H013-NO,0.024,-0.052,-0.058,-0.061,-0.068,-0.063,-0.057,-0.068,-0.072,-0.069,-0.041,-0.098,-0.059,-0.019,-0.056,-0.051,-0.041,-0.023,-0.028,-0.028,-0.04,-0.04,-0.098,-0.013,NA,-0.032,NA,0.004,NA,-0.003,0.034,-0.015,0.102,0.105,-0.093,-0.01,0.143,0.119,-0.139,0.01,0.08,0.08,NA,0.072,-0.136,-0.136
H013-NOL,0.002,-0.036,-0.043,-0.043,-0.036,-0.052,-0.057,-0.057,-0.051,-0.049,-0.036,-0.075,-0.037,-0.043,-0.041,-0.041,-0.037,-0.024,-0.029,-0.029,-0.027,-0.027,-0.014,-0.014,NA,-0.045,NA,-0.022,NA,-0.007,0.025,0.025,0.057,0.057,-0.054,-0.054,0.095,0.095,-0.002,-0.002,0.006,0.006,NA,0.061,-0.068,-0.068
H013-TF,-0.198,0.054,0.041,0.041,0.016,0.033,-0.071,-0.123,-0.118,-0.118,0.035,0.035,0.059,0.059,-0.209,0.108,0.133,-0.099,-0.076,-0.09,-0.047,0.063,-0.094,-0.094,NA,0.296,NA,-0.222,NA,-0.171,0.1,0.082,0.136,0.115,-0.249,-0.249,-0.033,-0.006,0.123,0.509,-0.094,-0.028,NA,-0.157,0.015,-0.281
H013-TO,-0.71,0.084,0.193,0.18,0.144,0.15,-0.15,-0.209,-0.273,-0.28,0.189,0.189,0.191,-0.135,-1.171,0.304,0.14,-0.622,-0.041,-0.246,0.107,0.142,-0.187,-0.187,NA,0.691,NA,-0.726,NA,-0.18,0.229,0.181,0.238,0.22,-0.724,-0.724,-0.163,-0.061,0.053,1.046,-0.248,-0.518,NA,-0.734,0.46,-0.75
H013-TOL,-0.523,0.277,0.298,0.173,-0.356,0.236,-0.045,-0.504,-0.2,-0.165,-0.062,-0.1,0.197,0.356,-1.161,-0.007,0.227,-0.565,-0.096,-0.204,-0.108,-0.047,-0.018,-0.258,NA,0.602,NA,-0.532,NA,-0.404,0.05,-0.175,0.141,0.114,-0.633,-0.633,0.006,0.081,-0.251,0.947,-0.41,-0.002,NA,-0.479,0.338,-0.712
H014-TF,-0.021,-0.112,0.038,0.038,-0.465,-0.525,-0.092,-0.105,-0.089,-0.101,-0.118,-0.113,0.316,0.344,-0.569,0.25,0.01,0.098,0.084,-0.37,-0.003,-0.025,0.059,0.059,NA,-0.077,NA,-0.023,NA,0.066,-0.026,-0.04,-0.518,0.403,0.172,-0.654,-0.073,-0.023,0.145,0.672,-0.04,-0.069,NA,-0.45,0.495,0.491
H014-TO,-0.159,-0.235,0.154,0.154,-0.196,-0.385,-0.284,-0.284,-0.216,-0.216,-0.258,-0.312,0.192,0.187,-1.133,0.755,-0.269,-0.166,0.424,-0.329,-0.161,-0.172,0.164,0.2,NA,-0.235,NA,-0.223,NA,0.159,-0.131,-0.14,-0.631,0.253,0.901,-0.823,-0.054,-0.054,0.724,0.852,-0.158,-0.305,NA,-0.133,0.595,0.595
H015-NO,0.004,-0.103,0.052,0.039,-0.085,-0.054,-0.056,-0.1,-0.104,-0.102,-0.093,-0.115,-0.075,-0.032,-0.059,-0.066,-0.082,-0.061,-0.083,-0.037,-0.042,-0.078,-0.097,-0.048,NA,-0.05,NA,-0.054,NA,-0.03,0.018,-0.005,0.048,0.036,-0.136,-0.036,0.154,0.084,-0.129,-0.033,-0.016,0.001,NA,0.041,0.252,0.276
H015-NOL,-0.035,-0.09,0.235,0.207,-0.054,-0.055,-0.077,-0.119,-0.097,-0.104,-0.104,-0.112,-0.092,-0.04,-0.073,-0.074,-0.075,-0.059,-0.059,-0.043,-0.044,-0.003,-0.094,-0.026,NA,-0.077,NA,-0.051,NA,-0.033,0.034,-0.016,0.041,0.039,-0.075,-0.075,-0.021,-0.011,-0.039,0.046,-0.045,-0.043,NA,0.03,0.255,0.235
H015-TF,-0.008,0.003,-0.016,-0.114,-0.113,0.046,-0.157,-0.157,0.289,-0.167,-0.145,-0.111,0.118,0.118,-0.041,0.177,0.019,0.019,-0.318,-0.17,-0.152,-0.152,0.173,0.162,NA,-0.041,NA,0.016,NA,0.025,-0.026,0.038,0.031,-0.126,-0.168,-0.168,0.013,0.052,0.037,0.132,0.117,0.117,NA,-0.176,0.215,0.215
H015-TO,0.119,0.153,0.041,-0.299,-0.424,-0.448,-0.529,-0.529,0.743,-0.485,0.053,-0.123,0.435,0.451,-0.197,0.436,0.036,0.059,-1.188,-0.498,-0.499,-0.244,0.419,0.433,NA,0.056,NA,-0.048,NA,0.011,-0.465,-0.469,0.093,-0.355,-0.532,-0.532,0.013,0.08,0.018,0.439,0.265,0.268,NA,-0.451,0.805,0.652
H016-TF,-0.254,0.089,-0.105,-0.122,0.109,-0.039,-0.114,-0.344,0.08,-0.169,-0.36,-0.331,0.123,0.112,0.304,0.305,0.1,0.129,0.124,-0.075,-0.087,-0.097,0.134,0.081,NA,-0.105,NA,0.136,NA,-0.238,0.19,0.13,-0.081,0.102,0.142,-0.204,-0.368,-0.287,0.15,0.193,0.14,0.13,NA,0.003,-0.162,0.08
H016-TO,-0.489,0.229,-0.106,-0.106,0.152,0.151,-0.15,-0.598,0.225,-0.265,-0.71,-0.71,0.284,0.284,0.285,0.285,-0.029,-0.014,0.272,-0.137,-0.14,-0.134,0.198,-0.007,NA,-0.147,NA,0.238,NA,-0.429,-0.049,-0.064,-0.08,-0.08,0.448,-0.333,-0.008,-0.008,0.355,0.355,0.269,0.269,NA,0.003,0.057,0.466
H017-TO,-0.319,-0.084,-0.104,-0.157,-0.12,-0.256,-0.319,-0.175,0.408,-0.752,-0.153,-0.163,-0.105,-0.101,-0.781,1.17,-0.135,-0.114,-0.089,-0.089,-0.103,-0.138,-0.069,-0.069,NA,0.166,NA,-0.328,NA,-0.276,0.433,0.418,-0.689,0.016,-1.068,-1.068,0.075,0.035,0.417,1.055,-0.043,-0.043,NA,0.048,0.386,0.386
H018-NO,-0.039,-0.063,-0.094,-0.055,-0.067,-0.069,-0.05,-0.09,-0.092,-0.077,-0.082,-0.075,-0.076,-0.063,-0.1,-0.071,-0.046,-0.031,-0.061,-0.054,-0.054,-0.051,-0.037,-0.019,NA,-0.087,NA,-0.041,NA,-0.013,0.007,-0.06,-0.01,-0.004,-0.012,-0.088,0.055,0.074,-0.032,0.02,-0.02,-0.03,NA,0.028,-0.21,-0.21
H018-TO,-0.31,-0.405,0.136,0.139,-0.083,-0.027,-0.45,-0.562,0.508,-0.431,0.12,0.092,0.839,0.175,-1.101,0.118,-0.391,-0.337,-0.426,-0.379,0.029,0.025,0.084,0.127,NA,0.716,NA,-0.38,NA,-0.239,0.333,0.208,-0.301,0.133,-0.46,-0.46,-0.192,-0.24,-0.043,1.177,0.223,0.223,NA,-0.236,0.379,0.379
H019-NO,-0.041,-0.071,-0.076,-0.071,-0.079,-0.088,-0.086,-0.102,-0.041,-0.093,-0.069,-0.108,-0.063,-0.056,-0.084,-0.101,0.018,0.04,-0.081,-0.056,-0.062,-0.052,-0.033,-0.029,NA,-0.094,NA,-0.048,NA,-0.031,0.039,-0.006,-0.017,0.019,-0.016,-0.099,0.063,0.075,-0.077,0.003,-0.083,-0.06,NA,0.038,-0.2,-0.211
H019-T2F,-0.074,-0.059,-0.059,-0.074,-0.055,-0.077,-0.069,-0.068,-0.073,-0.076,-0.067,-0.068,0.255,0.272,-0.081,-0.088,-0.06,-0.055,-0.077,-0.072,-0.05,-0.044,-0.049,-0.034,NA,-0.075,NA,-0.034,NA,-0.039,0.291,0.155,-0.489,-0.052,-0.006,-0.083,-0.147,-0.049,-0.06,-0.025,-0.09,-0.102,NA,-0.048,0.409,0.409
H019-T2O,-0.046,-0.081,-0.081,-0.083,-0.081,-0.093,-0.093,-0.104,-0.094,-0.097,-0.094,-0.094,0.477,0.47,-0.104,-0.102,-0.073,-0.061,-0.081,-0.081,-0.066,-0.058,-0.055,-0.055,NA,-0.087,NA,-0.066,NA,-0.044,0.278,0.139,-0.889,0.025,-0.08,-0.08,0.065,0.065,-0.026,-0.026,-0.083,-0.137,NA,0.032,0.793,0.793
H019-TF,-0.048,-0.042,-0.044,-0.041,-0.051,-0.054,-0.059,-0.051,-0.056,-0.048,-0.05,-0.008,0.076,0.108,-0.065,-0.049,-0.053,-0.036,-0.075,-0.053,-0.029,-0.023,-0.004,-0.012,NA,-0.067,NA,-0.015,NA,-0.034,0.111,0.005,-0.215,-0.052,0.003,-0.056,-0.089,-0.04,-0.023,-0.011,0.032,0.026,NA,-0.028,0.107,0.107
H019-TO,-0.032,-0.072,-0.078,-0.082,-0.086,-0.087,-0.083,-0.095,-0.09,-0.089,-0.087,-0.087,0.442,0.428,-0.11,-0.105,-0.056,-0.047,-0.07,-0.07,-0.059,-0.05,-0.052,-0.052,NA,-0.087,NA,-0.054,NA,-0.048,0.289,0.098,-0.897,0.027,-0.087,-0.087,0.072,0.072,-0.043,-0.033,-0.061,-0.117,NA,0.042,0.798,0.798
H020-NAsCO,-0.003,-0.046,-0.055,-0.055,-0.061,-0.075,-0.067,-0.067,-0.064,-0.064,-0.05,-0.076,-0.042,-0.049,-0.069,-0.063,-0.036,-0.023,-0.038,-0.038,-0.036,-0.032,-0.031,-0.031,NA,-0.059,NA,-0.036,NA,0.0,0.022,0.013,0.053,0.053,-0.063,-0.063,0.158,0.116,0.008,0.008,-0.002,-0.002,NA,0.08,-0.079,-0.079
H020-NCaeO,-0.007,-0.033,-0.046,-0.046,-0.053,-0.053,-0.048,-0.048,-0.05,-0.05,-0.04,-0.04,-0.045,-0.049,-0.044,-0.044,-0.022,-0.022,-0.033,-0.033,-0.039,-0.033,-0.027,-0.027,NA,-0.048,NA,-0.034,NA,-0.003,0.004,0.004,0.03,0.029,-0.047,-0.047,0.121,0.085,-0.023,-0.023,-0.008,-0.008,NA,0.035,-0.045,-0.049
H020-NileO,-0.011,-0.037,-0.055,-0.055,-0.059,-0.08,-0.085,-0.097,-0.061,-0.061,-0.042,-0.078,-0.037,-0.046,-0.058,-0.055,-0.05,-0.031,-0.025,-0.025,-0.042,-0.028,-0.032,-0.032,NA,-0.056,NA,-0.032,NA,0.004,0.036,0.036,0.052,0.052,-0.052,-0.052,0.159,0.098,0.013,0.013,-0.004,-0.004,NA,0.083,-0.069,-0.069
H020-T2F,0.012,-0.007,-0.011,-0.011,-0.007,-0.007,-0.018,-0.018,-0.024,-0.024,-0.002,-0.002,-0.027,-0.004,-0.009,-0.009,-0.005,-0.005,-0.02,-0.02,-0.016,-0.012,-0.014,-0.014,NA,-0.023,NA,0.002,NA,-0.004,0.013,0.013,0.018,0.018,-0.03,-0.03,-0.04,-0.008,-0.012,-0.012,0.003,-0.011,NA,0.016,-0.048,-0.048
H020-T2O,0.01,-0.054,-0.047,-0.047,-0.059,-0.076,-0.072,-0.087,-0.064,-0.064,-0.054,-0.078,-0.035,-0.043,-0.072,-0.06,-0.039,-0.013,-0.018,-0.018,-0.048,-0.035,-0.057,-0.031,NA,-0.061,NA,-0.019,NA,0.016,0.043,0.033,0.055,0.094,-0.065,-0.065,0.111,0.111,0.03,0.03,0.011,0.011,NA,0.112,-0.125,-0.125
H020-TF,0.002,0.002,-0.017,-0.017,-0.014,-0.014,-0.03,-0.009,-0.022,-0.022,0.004,0.004,-0.026,-0.017,-0.013,-0.013,-0.004,-0.004,-0.018,-0.018,0.001,0.001,-0.016,-0.016,NA,-0.027,NA,0.009,NA,0.007,0.008,0.008,0.011,0.011,-0.019,-0.019,-0.039,0.009,-0.014,-0.014,-0.023,-0.023,NA,0.01,-0.062,-0.062
H020-TO,-0.016,-0.071,0.663,-0.08,-0.081,-0.094,-0.103,-0.115,-0.093,-0.093,-0.074,-0.096,-0.07,-0.072,-0.092,-0.087,-0.056,-0.034,-0.049,-0.049,-0.063,-0.052,-0.083,-0.049,NA,-0.081,NA,-0.024,NA,-0.024,0.019,0.008,0.026,0.07,-0.094,-0.094,0.076,0.076,-0.001,-0.001,-0.012,-0.012,NA,0.086,-0.152,-0.152
H021-NileO,-0.013,-0.013,-0.028,-0.028,-0.033,-0.033,-0.03,-0.03,-0.026,-0.026,-0.02,-0.02,-0.012,-0.012,-0.032,-0.032,-0.024,-0.024,-0.029,-0.029,-0.021,-0.021,-0.017,-0.017,NA,-0.03,NA,-0.015,NA,-0.011,-0.007,-0.007,0.0,0.0,-0.024,-0.024,0.069,0.029,-0.004,-0.004,-0.017,-0.017,NA,0.002,-0.157,-0.157
H021-NTrCO,-0.017,-0.017,-0.03,-0.03,-0.031,-0.031,-0.038,-0.038,-0.032,-0.032,-0.027,-0.027,-0.012,-0.012,-0.035,-0.035,-0.021,-0.021,-0.03,-0.03,-0.019,-0.019,-0.016,-0.016,NA,-0.035,NA,-0.006,NA,-0.014,0.0,0.0,0.009,0.009,-0.035,-0.035,0.073,0.033,-0.015,-0.015,-0.02,-0.02,NA,0.013,-0.172,-0.172
H021-T2O,-0.02,0.008,0.006,0.006,0.015,0.015,-1.254,-0.565,-0.024,-0.415,-0.006,-0.006,0.727,-0.018,-1.193,0.721,0.99,0.376,0.099,-0.266,0.858,-0.542,0.015,-0.213,NA,0.308,NA,-0.526,NA,-0.537,0.04,0.099,-0.526,0.048,-1.278,-0.57,0.052,0.052,0.238,0.526,-1.152,-0.747,NA,0.036,0.279,0.279
H021-TF,-0.02,-0.005,0.004,0.004,0.009,0.009,-0.163,-0.137,-0.052,-0.121,0.021,0.021,0.28,0.08,-0.254,0.282,0.305,0.134,-0.145,-0.145,0.357,-0.154,-0.003,-0.067,NA,0.124,NA,-0.147,NA,-0.165,0.017,0.022,-0.171,-0.029,-0.259,-0.14,-0.077,-0.019,0.261,0.413,-0.177,-0.176,NA,-0.162,0.036,0.036
H021-TO,-0.087,-0.035,0.027,0.027,0.015,0.016,-0.562,-0.562,0.286,-0.405,-0.115,0.003,0.602,0.188,-1.208,0.832,0.295,0.295,-0.167,-0.564,0.946,-0.526,0.032,-0.196,NA,0.251,NA,-0.512,NA,-0.531,0.048,0.082,-0.532,0.058,-1.08,-0.56,0.046,0.04,0.648,0.894,-1.102,-0.71,NA,-0.484,0.258,0.258
HX102-HPO,-0.002,-0.002,0.001,0.001,-0.002,-0.002,0.005,0.005,-0.0,-0.0,0.005,0.005,-0.008,-0.008,-0.005,-0.005,-0.008,-0.008,-0.003,-0.003,-0.003,-0.003,-0.007,-0.007,NA,-0.012,NA,-0.003,NA,-0.004,-0.022,-0.022,-0.009,-0.009,-0.007,-0.007,-0.013,-0.013,-0.016,-0.016,-0.019,-0.019,NA,-0.008,-0.052,-0.052
